,id,runtime
0,1,93.0
1,2,113.0
2,3,105.0
3,4,122.0
4,5,118.0
5,6,83.0
6,7,92.0
7,8,84.0
8,9,100.0
9,10,91.0
10,11,119.0
11,12,98.0
12,13,122.0
13,14,118.0
14,15,145.0
15,16,97.0
16,17,85.0
17,18,111.0
18,19,96.0
19,20,87.0
20,21,130.0
21,22,95.0
22,23,116.0
23,24,92.0
24,25,87.0
25,26,95.0
26,27,110.0
27,28,93.0
28,29,84.0
29,30,89.0
30,31,112.0
31,32,117.0
32,33,106.0
33,34,125.0
34,35,91.0
35,36,94.0
36,37,105.0
37,38,127.0
38,39,90.0
39,40,123.0
40,41,118.0
41,42,126.0
42,43,108.0
43,44,92.0
44,45,88.0
45,46,95.0
46,47,91.0
47,48,167.0
48,49,94.0
49,50,118.0
50,51,102.0
51,52,160.0
52,53,97.0
53,54,98.0
54,55,107.0
55,56,95.0
56,57,97.0
57,58,125.0
58,59,95.0
59,60,95.0
60,61,144.0
61,62,105.0
62,63,124.0
63,64,100.0
64,65,115.0
65,66,92.0
66,67,108.0
67,68,133.0
68,69,129.0
69,70,104.0
70,71,103.0
71,72,126.0
72,73,85.0
73,74,90.0
74,75,84.0
75,76,106.0
76,77,157.0
77,78,98.0
78,79,122.0
79,80,102.0
80,81,118.0
81,82,104.0
82,83,104.0
83,84,116.0
84,85,85.0
85,86,109.0
86,87,105.0
87,88,91.0
88,89,126.0
89,90,109.0
90,91,111.0
91,92,106.0
92,93,135.0
93,94,96.0
94,95,147.0
95,96,72.0
96,97,98.0
97,98,158.0
98,99,90.0
99,100,120.0
100,101,91.0
101,102,135.0
102,103,102.0
103,104,121.0
104,105,117.0
105,106,105.0
106,107,105.0
107,108,177.0
108,109,97.0
109,110,189.0
110,111,123.0
111,112,111.0
112,113,122.0
113,114,106.0
114,115,178.0
115,116,86.0
116,117,145.0
117,118,100.0
118,119,107.0
119,120,113.0
120,121,90.0
121,122,88.0
122,123,94.0
123,124,115.0
124,125,95.0
125,126,125.0
126,127,105.0
127,128,111.0
128,129,100.0
129,130,120.0
130,131,90.0
131,132,93.0
132,133,97.0
133,134,95.0
134,135,100.0
135,136,90.0
136,137,92.0
137,138,79.0
138,139,93.0
139,140,133.0
140,141,176.0
141,142,101.0
142,143,108.0
143,144,98.0
144,145,108.0
145,146,88.0
146,147,90.0
147,148,126.0
148,149,87.0
149,150,113.0
150,151,108.0
151,152,100.0
152,153,92.0
153,154,91.0
154,155,90.0
155,156,72.0
156,157,126.0
157,158,94.0
158,159,102.0
159,160,107.0
160,161,98.0
161,162,88.0
162,163,90.0
163,164,93.0
164,165,99.0
165,166,90.0
166,167,87.0
167,168,122.0
168,169,113.0
169,170,95.0
170,171,87.0
171,172,102.0
172,173,121.0
173,174,98.0
174,175,97.0
175,176,106.0
176,177,91.0
177,178,74.0
178,179,93.0
179,180,133.0
180,181,130.0
181,182,119.0
182,183,104.0
183,184,141.0
184,185,107.0
185,186,93.0
186,187,95.0
187,188,65.0
188,189,98.0
189,190,111.0
190,191,86.0
191,192,110.0
192,193,91.0
193,194,90.0
194,195,97.0
195,196,96.0
196,197,87.0
197,198,108.0
198,199,107.0
199,200,106.0
200,201,97.0
201,202,100.0
202,203,91.0
203,204,87.0
204,205,94.0
205,206,97.0
206,207,105.0
207,208,92.0
208,209,96.0
209,210,136.0
210,211,105.0
211,212,124.0
212,213,95.0
213,214,143.0
214,215,105.0
215,216,111.0
216,217,90.0
217,218,106.0
218,219,107.0
219,220,105.0
220,221,132.0
221,222,97.0
222,223,98.0
223,224,127.0
224,225,53.0
225,226,110.0
226,227,105.0
227,228,100.0
228,229,145.0
229,230,139.0
230,231,120.0
231,232,114.0
232,233,93.0
233,234,101.0
234,235,140.0
235,236,94.0
236,237,87.0
237,238,95.0
238,239,127.0
239,240,118.0
240,241,102.0
241,242,88.0
242,243,114.0
243,244,103.0
244,245,96.0
245,246,109.0
246,247,101.0
247,248,156.0
248,249,99.0
249,250,140.0
250,251,105.0
251,252,119.0
252,253,104.0
253,254,95.0
254,255,104.0
255,256,88.0
256,257,121.0
257,258,89.0
258,259,83.0
259,260,95.0
260,261,99.0
261,262,99.0
262,263,133.0
263,264,99.0
264,265,108.0
265,266,135.0
266,267,148.0
267,268,92.0
268,269,93.0
269,270,119.0
270,271,99.0
271,272,116.0
272,273,94.0
273,274,87.0
274,275,119.0
275,276,127.0
276,277,132.0
277,278,98.0
278,279,102.0
279,280,120.0
280,281,91.0
281,282,95.0
282,283,100.0
283,284,130.0
284,285,109.0
285,286,95.0
286,287,117.0
287,288,113.0
288,289,110.0
289,290,87.0
290,291,117.0
291,292,99.0
292,293,137.0
293,294,110.0
294,295,137.0
295,296,99.0
296,297,104.0
297,298,101.0
298,299,89.0
299,300,94.0
300,301,96.0
301,302,87.0
302,303,105.0
303,304,107.0
304,305,101.0
305,306,167.0
306,307,101.0
307,308,129.0
308,309,104.0
309,310,97.0
310,311,96.0
311,312,168.0
312,313,97.0
313,314,89.0
314,315,109.0
315,316,141.0
316,317,88.0
317,318,109.0
318,319,126.0
319,320,113.0
320,321,96.0
321,322,106.0
322,323,156.0
323,324,100.0
324,325,83.0
325,326,85.0
326,327,102.0
327,328,108.0
328,329,117.0
329,330,108.0
330,331,100.0
331,332,139.0
332,333,97.0
333,334,132.0
334,335,140.0
335,336,124.0
336,337,115.0
337,338,116.0
338,339,118.0
339,340,124.0
340,341,95.0
341,342,115.0
342,343,88.0
343,344,93.0
344,345,105.0
345,346,113.0
346,347,97.0
347,348,84.0
348,349,117.0
349,350,85.0
350,351,107.0
351,352,120.0
352,353,96.0
353,354,93.0
354,355,102.0
355,356,99.0
356,357,124.0
357,358,89.0
358,359,99.0
359,360,136.0
360,361,87.0
361,362,154.0
362,363,120.0
363,364,123.0
364,365,157.0
365,366,77.0
366,367,99.0
367,368,109.0
368,369,98.0
369,370,83.0
370,371,112.0
371,372,140.0
372,373,106.0
373,374,97.0
374,375,97.0
375,376,112.0
376,377,79.0
377,378,115.0
378,379,76.0
379,380,97.0
380,381,143.0
381,382,109.0
382,383,98.0
383,384,130.0
384,385,163.0
385,386,90.0
386,387,92.0
387,388,189.0
388,389,85.0
389,390,106.0
390,391,0.0
391,392,140.0
392,393,89.0
393,394,89.0
394,395,95.0
395,396,87.0
396,397,74.0
397,398,103.0
398,399,112.0
399,400,95.0
400,401,98.0
401,402,155.0
402,403,100.0
403,404,93.0
404,405,105.0
405,406,100.0
406,407,102.0
407,408,125.0
408,409,90.0
409,410,115.0
410,411,137.0
411,412,141.0
412,413,115.0
413,414,83.0
414,415,83.0
415,416,116.0
416,417,130.0
417,418,90.0
418,419,100.0
419,420,155.0
420,421,94.0
421,422,91.0
422,423,90.0
423,424,111.0
424,425,100.0
425,426,115.0
426,427,89.0
427,428,84.0
428,429,106.0
429,430,130.0
430,431,116.0
431,432,113.0
432,433,113.0
433,434,123.0
434,435,104.0
435,436,90.0
436,437,95.0
437,438,88.0
438,439,108.0
439,440,140.0
440,441,102.0
441,442,94.0
442,443,83.0
443,444,103.0
444,445,120.0
445,446,93.0
446,447,97.0
447,448,89.0
448,449,124.0
449,450,110.0
450,451,111.0
451,452,102.0
452,453,116.0
453,454,93.0
454,455,101.0
455,456,84.0
456,457,130.0
457,458,82.0
458,459,94.0
459,460,104.0
460,461,124.0
461,462,110.0
462,463,150.0
463,464,124.0
464,465,100.0
465,466,121.0
466,467,99.0
467,468,108.0
468,469,100.0
469,470,113.0
470,471,120.0
471,472,100.0
472,473,99.0
473,474,99.0
474,475,85.0
475,476,120.0
476,477,100.0
477,478,100.0
478,479,92.0
479,480,104.0
480,481,91.0
481,482,149.0
482,483,132.0
483,484,129.0
484,485,85.0
485,486,122.0
486,487,170.0
487,488,65.0
488,489,104.0
489,490,85.0
490,491,92.0
491,492,92.0
492,493,95.0
493,494,110.0
494,495,97.0
495,496,99.0
496,497,80.0
497,498,84.0
498,499,152.0
499,500,89.0
500,501,145.0
501,502,123.0
502,503,104.0
503,504,128.0
504,505,122.0
505,506,109.0
506,507,104.0
507,508,131.0
508,509,84.0
509,510,89.0
510,511,108.0
511,512,100.0
512,513,107.0
513,514,99.0
514,515,96.0
515,516,99.0
516,517,156.0
517,518,123.0
518,519,141.0
519,520,137.0
520,521,108.0
521,522,116.0
522,523,105.0
523,524,220.0
524,525,181.0
525,526,99.0
526,527,109.0
527,528,87.0
528,529,125.0
529,530,103.0
530,531,135.0
531,532,117.0
532,533,107.0
533,534,107.0
534,535,105.0
535,536,160.0
536,537,113.0
537,538,136.0
538,539,127.0
539,540,87.0
540,541,111.0
541,542,102.0
542,543,100.0
543,544,179.0
544,545,149.0
545,546,95.0
546,547,125.0
547,548,93.0
548,549,99.0
549,550,180.0
550,551,81.0
551,552,120.0
552,553,98.0
553,554,96.0
554,555,108.0
555,556,90.0
556,557,112.0
557,558,96.0
558,559,106.0
559,560,118.0
560,561,98.0
561,562,96.0
562,563,99.0
563,564,100.0
564,565,120.0
565,566,101.0
566,567,167.0
567,568,91.0
568,569,100.0
569,570,118.0
570,571,113.0
571,572,89.0
572,573,117.0
573,574,97.0
574,575,123.0
575,576,130.0
576,577,96.0
577,578,86.0
578,579,114.0
579,580,88.0
580,581,82.0
581,582,116.0
582,583,135.0
583,584,108.0
584,585,116.0
585,586,161.0
586,587,162.0
587,588,107.0
588,589,72.0
589,590,134.0
590,591,94.0
591,592,0.0
592,593,109.0
593,594,108.0
594,595,97.0
595,596,88.0
596,597,120.0
597,598,102.0
598,599,110.0
599,600,112.0
600,601,110.0
601,602,100.0
602,603,132.0
603,604,97.0
604,605,109.0
605,606,193.0
606,607,141.0
607,608,88.0
608,609,77.0
609,610,71.0
610,611,82.0
611,612,145.0
612,613,101.0
613,614,95.0
614,615,158.0
615,616,110.0
616,617,95.0
617,618,94.0
618,619,90.0
619,620,188.0
620,621,105.0
621,622,120.0
622,623,109.0
623,624,130.0
624,625,84.0
625,626,212.0
626,627,112.0
627,628,142.0
628,629,116.0
629,630,116.0
630,631,126.0
631,632,125.0
632,633,110.0
633,634,106.0
634,635,106.0
635,636,102.0
636,637,107.0
637,638,98.0
638,639,105.0
639,640,122.0
640,641,146.0
641,642,95.0
642,643,116.0
643,644,84.0
644,645,143.0
645,646,113.0
646,647,128.0
647,648,98.0
648,649,130.0
649,650,85.0
650,651,136.0
651,652,107.0
652,653,101.0
653,654,111.0
654,655,92.0
655,656,97.0
656,657,99.0
657,658,106.0
658,659,161.0
659,660,93.0
660,661,132.0
661,662,116.0
662,663,111.0
663,664,88.0
664,665,85.0
665,666,98.0
666,667,161.0
667,668,118.0
668,669,101.0
669,670,106.0
670,671,147.0
671,672,151.0
672,673,107.0
673,674,114.0
674,675,121.0
675,676,77.0
676,677,103.0
677,678,117.0
678,679,106.0
679,680,106.0
680,681,124.0
681,682,99.0
682,683,107.0
683,684,91.0
684,685,129.0
685,686,81.0
686,687,114.0
687,688,80.0
688,689,122.0
689,690,140.0
690,691,104.0
691,692,102.0
692,693,108.0
693,694,112.0
694,695,97.0
695,696,132.0
696,697,108.0
697,698,94.0
698,699,137.0
699,700,102.0
700,701,94.0
701,702,94.0
702,703,95.0
703,704,102.0
704,705,167.0
705,706,112.0
706,707,113.0
707,708,90.0
708,709,127.0
709,710,146.0
710,711,100.0
711,712,112.0
712,713,120.0
713,714,132.0
714,715,125.0
715,716,108.0
716,717,89.0
717,718,132.0
718,719,76.0
719,720,95.0
720,721,95.0
721,722,94.0
722,723,99.0
723,724,100.0
724,725,130.0
725,726,114.0
726,727,105.0
727,728,129.0
728,729,112.0
729,730,102.0
730,731,97.0
731,732,108.0
732,733,104.0
733,734,121.0
734,735,108.0
735,736,89.0
736,737,171.0
737,738,91.0
738,739,134.0
739,740,124.0
740,741,86.0
741,742,92.0
742,743,101.0
743,744,92.0
744,745,96.0
745,746,112.0
746,747,103.0
747,748,96.0
748,749,91.0
749,750,107.0
750,751,103.0
751,752,92.0
752,753,100.0
753,754,104.0
754,755,97.0
755,756,96.0
756,757,103.0
757,758,88.0
758,759,99.0
759,760,124.0
760,761,92.0
761,762,95.0
762,763,137.0
763,764,116.0
764,765,115.0
765,766,114.0
766,767,107.0
767,768,113.0
768,769,98.0
769,770,105.0
770,771,139.0
771,772,135.0
772,773,110.0
773,774,75.0
774,775,97.0
775,776,40.0
776,777,165.0
777,778,103.0
778,779,116.0
779,780,112.0
780,781,87.0
781,782,123.0
782,783,108.0
783,784,105.0
784,785,90.0
785,786,95.0
786,787,95.0
787,788,96.0
788,789,89.0
789,790,145.0
790,791,99.0
791,792,83.0
792,793,83.0
793,794,93.0
794,795,116.0
795,796,90.0
796,797,133.0
797,798,102.0
798,799,89.0
799,800,117.0
800,801,108.0
801,802,94.0
802,803,108.0
803,804,83.0
804,805,72.0
805,806,119.0
806,807,100.0
807,808,150.0
808,809,90.0
809,810,121.0
810,811,124.0
811,812,113.0
812,813,98.0
813,814,95.0
814,815,97.0
815,816,96.0
816,817,92.0
817,818,90.0
818,819,92.0
819,820,107.0
820,821,99.0
821,822,103.0
822,823,107.0
823,824,81.0
824,825,76.0
825,826,80.0
826,827,130.0
827,828,89.0
828,829,121.0
829,830,78.0
830,831,139.0
831,832,110.0
832,833,140.0
833,834,82.0
834,835,98.0
835,836,91.0
836,837,100.0
837,838,120.0
838,839,126.0
839,840,86.0
840,841,122.0
841,842,97.0
842,843,104.0
843,844,85.0
844,845,72.0
845,846,162.0
846,847,120.0
847,848,102.0
848,849,140.0
849,850,87.0
850,851,121.0
851,852,90.0
852,853,108.0
853,854,111.0
854,855,107.0
855,856,105.0
856,857,109.0
857,858,81.0
858,859,99.0
859,860,115.0
860,861,89.0
861,862,91.0
862,863,82.0
863,864,87.0
864,865,111.0
865,866,114.0
866,867,91.0
867,868,109.0
868,869,144.0
869,870,125.0
870,871,85.0
871,872,124.0
872,873,108.0
873,874,135.0
874,875,100.0
875,876,95.0
876,877,136.0
877,878,84.0
878,879,107.0
879,880,93.0
880,881,123.0
881,882,108.0
882,883,95.0
883,884,117.0
884,885,85.0
885,886,104.0
886,887,100.0
887,888,128.0
888,889,95.0
889,890,94.0
890,891,105.0
891,892,110.0
892,893,89.0
893,894,100.0
894,895,113.0
895,896,111.0
896,897,104.0
897,898,121.0
898,899,88.0
899,900,185.0
900,901,93.0
901,902,95.0
902,903,122.0
903,904,113.0
904,905,90.0
905,906,96.0
906,907,165.0
907,908,161.0
908,909,121.0
909,910,84.0
910,911,89.0
911,912,105.0
912,913,105.0
913,914,121.0
914,915,120.0
915,916,134.0
916,917,98.0
917,918,80.0
918,919,138.0
919,920,96.0
920,921,97.0
921,922,96.0
922,923,78.0
923,924,127.0
924,925,0.0
925,926,91.0
926,927,123.0
927,928,114.0
928,929,99.0
929,930,116.0
930,931,102.0
931,932,94.0
932,933,115.0
933,934,119.0
934,935,122.0
935,936,93.0
936,937,181.0
937,938,100.0
938,939,90.0
939,940,89.0
940,941,112.0
941,942,97.0
942,943,85.0
943,944,75.0
944,945,120.0
945,946,114.0
946,947,103.0
947,948,89.0
948,949,96.0
949,950,100.0
950,951,120.0
951,952,95.0
952,953,93.0
953,954,111.0
954,955,120.0
955,956,95.0
956,957,89.0
957,958,103.0
958,959,118.0
959,960,106.0
960,961,115.0
961,962,153.0
962,963,118.0
963,964,101.0
964,965,121.0
965,966,93.0
966,967,119.0
967,968,106.0
968,969,91.0
969,970,103.0
970,971,146.0
971,972,112.0
972,973,138.0
973,974,106.0
974,975,96.0
975,976,88.0
976,977,126.0
977,978,0.0
978,979,148.0
979,980,99.0
980,981,113.0
981,982,94.0
982,983,96.0
983,984,115.0
984,985,118.0
985,986,95.0
986,987,117.0
987,988,98.0
988,989,157.0
989,990,84.0
990,991,106.0
991,992,96.0
992,993,101.0
993,994,115.0
994,995,111.0
995,996,141.0
996,997,120.0
997,998,103.0
998,999,92.0
999,1000,115.0
1000,1001,103.0
1001,1002,100.0
1002,1003,106.0
1003,1004,119.0
1004,1005,104.0
1005,1006,118.0
1006,1007,90.0
1007,1008,60.0
1008,1009,86.0
1009,1010,130.0
1010,1011,125.0
1011,1012,115.0
1012,1013,112.0
1013,1014,114.0
1014,1015,105.0
1015,1016,157.0
1016,1017,99.0
1017,1018,109.0
1018,1019,118.0
1019,1020,92.0
1020,1021,40.0
1021,1022,114.0
1022,1023,71.0
1023,1024,100.0
1024,1025,94.0
1025,1026,91.0
1026,1027,111.0
1027,1028,103.0
1028,1029,83.0
1029,1030,116.0
1030,1031,93.0
1031,1032,90.0
1032,1033,106.0
1033,1034,92.0
1034,1035,138.0
1035,1036,115.0
1036,1037,90.0
1037,1038,92.0
1038,1039,112.0
1039,1040,98.0
1040,1041,130.0
1041,1042,95.0
1042,1043,131.0
1043,1044,89.0
1044,1045,123.0
1045,1046,119.0
1046,1047,93.0
1047,1048,111.0
1048,1049,97.0
1049,1050,130.0
1050,1051,121.0
1051,1052,103.0
1052,1053,114.0
1053,1054,85.0
1054,1055,98.0
1055,1056,89.0
1056,1057,90.0
1057,1058,94.0
1058,1059,102.0
1059,1060,130.0
1060,1061,163.0
1061,1062,93.0
1062,1063,85.0
1063,1064,143.0
1064,1065,109.0
1065,1066,122.0
1066,1067,84.0
1067,1068,114.0
1068,1069,111.0
1069,1070,113.0
1070,1071,108.0
1071,1072,113.0
1072,1073,102.0
1073,1074,95.0
1074,1075,109.0
1075,1076,91.0
1076,1077,98.0
1077,1078,96.0
1078,1079,95.0
1079,1080,95.0
1080,1081,83.0
1081,1082,110.0
1082,1083,119.0
1083,1084,88.0
1084,1085,97.0
1085,1086,90.0
1086,1087,93.0
1087,1088,95.0
1088,1089,103.0
1089,1090,120.0
1090,1091,108.0
1091,1092,90.0
1092,1093,120.0
1093,1094,175.0
1094,1095,136.0
1095,1096,130.0
1096,1097,93.0
1097,1098,90.0
1098,1099,110.0
1099,1100,96.0
1100,1101,82.0
1101,1102,90.0
1102,1103,124.0
1103,1104,113.0
1104,1105,90.0
1105,1106,106.0
1106,1107,99.0
1107,1108,100.0
1108,1109,102.0
1109,1110,87.0
1110,1111,97.0
1111,1112,124.0
1112,1113,90.0
1113,1114,85.0
1114,1115,105.0
1115,1116,125.0
1116,1117,86.0
1117,1118,114.0
1118,1119,106.0
1119,1120,87.0
1120,1121,97.0
1121,1122,96.0
1122,1123,98.0
1123,1124,125.0
1124,1125,100.0
1125,1126,104.0
1126,1127,143.0
1127,1128,99.0
1128,1129,85.0
1129,1130,91.0
1130,1131,96.0
1131,1132,162.0
1132,1133,121.0
1133,1134,118.0
1134,1135,102.0
1135,1136,99.0
1136,1137,94.0
1137,1138,116.0
1138,1139,115.0
1139,1140,96.0
1140,1141,116.0
1141,1142,79.0
1142,1143,95.0
1143,1144,102.0
1144,1145,85.0
1145,1146,98.0
1146,1147,86.0
1147,1148,162.0
1148,1149,97.0
1149,1150,88.0
1150,1151,153.0
1151,1152,144.0
1152,1153,175.0
1153,1154,95.0
1154,1155,117.0
1155,1156,105.0
1156,1157,88.0
1157,1158,96.0
1158,1159,106.0
1159,1160,93.0
1160,1161,125.0
1161,1162,94.0
1162,1163,94.0
1163,1164,93.0
1164,1165,105.0
1165,1166,124.0
1166,1167,92.0
1167,1168,97.0
1168,1169,107.0
1169,1170,77.0
1170,1171,102.0
1171,1172,92.0
1172,1173,90.0
1173,1174,90.0
1174,1175,112.0
1175,1176,106.0
1176,1177,117.0
1177,1178,129.0
1178,1179,99.0
1179,1180,87.0
1180,1181,99.0
1181,1182,88.0
1182,1183,126.0
1183,1184,102.0
1184,1185,125.0
1185,1186,144.0
1186,1187,95.0
1187,1188,107.0
1188,1189,82.0
1189,1190,103.0
1190,1191,100.0
1191,1192,109.0
1192,1193,97.0
1193,1194,89.0
1194,1195,90.0
1195,1196,115.0
1196,1197,124.0
1197,1198,99.0
1198,1199,110.0
1199,1200,99.0
1200,1201,119.0
1201,1202,117.0
1202,1203,168.0
1203,1204,116.0
1204,1205,97.0
1205,1206,99.0
1206,1207,100.0
1207,1208,89.0
1208,1209,100.0
1209,1210,103.0
1210,1211,112.0
1211,1212,338.0
1212,1213,135.0
1213,1214,82.0
1214,1215,100.0
1215,1216,108.0
1216,1217,89.0
1217,1218,108.0
1218,1219,101.0
1219,1220,106.0
1220,1221,94.0
1221,1222,107.0
1222,1223,106.0
1223,1224,82.0
1224,1225,124.0
1225,1226,101.0
1226,1227,91.0
1227,1228,109.0
1228,1229,105.0
1229,1230,109.0
1230,1231,86.0
1231,1232,116.0
1232,1233,116.0
1233,1234,123.0
1234,1235,136.0
1235,1236,90.0
1236,1237,127.0
1237,1238,109.0
1238,1239,93.0
1239,1240,98.0
1240,1241,139.0
1241,1242,119.0
1242,1243,94.0
1243,1244,91.0
1244,1245,92.0
1245,1246,115.0
1246,1247,118.0
1247,1248,78.0
1248,1249,125.0
1249,1250,150.0
1250,1251,94.0
1251,1252,93.0
1252,1253,122.0
1253,1254,113.0
1254,1255,90.0
1255,1256,0.0
1256,1257,109.0
1257,1258,95.0
1258,1259,107.0
1259,1260,96.0
1260,1261,120.0
1261,1262,105.0
1262,1263,97.0
1263,1264,97.0
1264,1265,109.0
1265,1266,104.0
1266,1267,93.0
1267,1268,108.0
1268,1269,100.0
1269,1270,104.0
1270,1271,132.0
1271,1272,87.0
1272,1273,139.0
1273,1274,99.0
1274,1275,132.0
1275,1276,89.0
1276,1277,120.0
1277,1278,85.0
1278,1279,109.0
1279,1280,93.0
1280,1281,128.0
1281,1282,90.0
1282,1283,143.0
1283,1284,92.0
1284,1285,105.0
1285,1286,106.0
1286,1287,117.0
1287,1288,112.0
1288,1289,93.0
1289,1290,79.0
1290,1291,96.0
1291,1292,163.0
1292,1293,106.0
1293,1294,90.0
1294,1295,134.0
1295,1296,99.0
1296,1297,99.0
1297,1298,89.0
1298,1299,91.0
1299,1300,90.0
1300,1301,97.0
1301,1302,101.0
1302,1303,219.0
1303,1304,129.0
1304,1305,80.0
1305,1306,114.0
1306,1307,98.0
1307,1308,105.0
1308,1309,114.0
1309,1310,145.0
1310,1311,93.0
1311,1312,120.0
1312,1313,90.0
1313,1314,112.0
1314,1315,91.0
1315,1316,124.0
1316,1317,92.0
1317,1318,120.0
1318,1319,113.0
1319,1320,84.0
1320,1321,114.0
1321,1322,123.0
1322,1323,85.0
1323,1324,102.0
1324,1325,80.0
1325,1326,91.0
1326,1327,84.0
1327,1328,114.0
1328,1329,95.0
1329,1330,136.0
1330,1331,124.0
1331,1332,98.0
1332,1333,150.0
1333,1334,123.0
1334,1335,119.0
1335,1336,
1336,1337,108.0
1337,1338,85.0
1338,1339,103.0
1339,1340,99.0
1340,1341,91.0
1341,1342,104.0
1342,1343,115.0
1343,1344,96.0
1344,1345,124.0
1345,1346,121.0
1346,1347,115.0
1347,1348,102.0
1348,1349,92.0
1349,1350,130.0
1350,1351,152.0
1351,1352,90.0
1352,1353,100.0
1353,1354,112.0
1354,1355,99.0
1355,1356,145.0
1356,1357,95.0
1357,1358,87.0
1358,1359,111.0
1359,1360,94.0
1360,1361,90.0
1361,1362,75.0
1362,1363,102.0
1363,1364,87.0
1364,1365,110.0
1365,1366,99.0
1366,1367,94.0
1367,1368,99.0
1368,1369,82.0
1369,1370,122.0
1370,1371,114.0
1371,1372,96.0
1372,1373,93.0
1373,1374,96.0
1374,1375,98.0
1375,1376,115.0
1376,1377,89.0
1377,1378,115.0
1378,1379,116.0
1379,1380,122.0
1380,1381,118.0
1381,1382,122.0
1382,1383,100.0
1383,1384,108.0
1384,1385,105.0
1385,1386,91.0
1386,1387,125.0
1387,1388,83.0
1388,1389,80.0
1389,1390,147.0
1390,1391,118.0
1391,1392,112.0
1392,1393,108.0
1393,1394,83.0
1394,1395,130.0
1395,1396,115.0
1396,1397,85.0
1397,1398,137.0
1398,1399,116.0
1399,1400,116.0
1400,1401,92.0
1401,1402,111.0
1402,1403,108.0
1403,1404,117.0
1404,1405,94.0
1405,1406,111.0
1406,1407,105.0
1407,1408,99.0
1408,1409,86.0
1409,1410,127.0
1410,1411,132.0
1411,1412,94.0
1412,1413,103.0
1413,1414,86.0
1414,1415,119.0
1415,1416,127.0
1416,1417,115.0
1417,1418,128.0
1418,1419,87.0
1419,1420,85.0
1420,1421,80.0
1421,1422,118.0
1422,1423,155.0
1423,1424,89.0
1424,1425,100.0
1425,1426,154.0
1426,1427,99.0
1427,1428,104.0
1428,1429,87.0
1429,1430,98.0
1430,1431,129.0
1431,1432,97.0
1432,1433,96.0
1433,1434,103.0
1434,1435,97.0
1435,1436,112.0
1436,1437,89.0
1437,1438,97.0
1438,1439,99.0
1439,1440,90.0
1440,1441,93.0
1441,1442,72.0
1442,1443,129.0
1443,1444,100.0
1444,1445,120.0
1445,1446,94.0
1446,1447,124.0
1447,1448,94.0
1448,1449,91.0
1449,1450,91.0
1450,1451,127.0
1451,1452,97.0
1452,1453,170.0
1453,1454,137.0
1454,1455,135.0
1455,1456,95.0
1456,1457,105.0
1457,1458,111.0
1458,1459,92.0
1459,1460,103.0
1460,1461,170.0
1461,1462,92.0
1462,1463,101.0
1463,1464,103.0
1464,1465,125.0
1465,1466,114.0
1466,1467,88.0
1467,1468,108.0
1468,1469,80.0
1469,1470,115.0
1470,1471,72.0
1471,1472,110.0
1472,1473,112.0
1473,1474,99.0
1474,1475,112.0
1475,1476,91.0
1476,1477,106.0
1477,1478,118.0
1478,1479,107.0
1479,1480,96.0
1480,1481,110.0
1481,1482,107.0
1482,1483,105.0
1483,1484,101.0
1484,1485,131.0
1485,1486,139.0
1486,1487,87.0
1487,1488,103.0
1488,1489,93.0
1489,1490,94.0
1490,1491,93.0
1491,1492,123.0
1492,1493,107.0
1493,1494,90.0
1494,1495,87.0
1495,1496,103.0
1496,1497,116.0
1497,1498,90.0
1498,1499,95.0
1499,1500,98.0
1500,1501,106.0
1501,1502,122.0
1502,1503,110.0
1503,1504,94.0
1504,1505,80.0
1505,1506,108.0
1506,1507,90.0
1507,1508,95.0
1508,1509,140.0
1509,1510,100.0
1510,1511,116.0
1511,1512,81.0
1512,1513,98.0
1513,1514,101.0
1514,1515,97.0
1515,1516,157.0
1516,1517,109.0
1517,1518,93.0
1518,1519,98.0
1519,1520,103.0
1520,1521,90.0
1521,1522,100.0
1522,1523,111.0
1523,1524,105.0
1524,1525,105.0
1525,1526,86.0
1526,1527,115.0
1527,1528,85.0
1528,1529,106.0
1529,1530,111.0
1530,1531,96.0
1531,1532,84.0
1532,1533,107.0
1533,1534,95.0
1534,1535,94.0
1535,1536,107.0
1536,1537,106.0
1537,1538,81.0
1538,1539,107.0
1539,1540,98.0
1540,1541,100.0
1541,1542,0.0
1542,1543,100.0
1543,1544,97.0
1544,1545,87.0
1545,1546,98.0
1546,1547,130.0
1547,1548,87.0
1548,1549,157.0
1549,1550,84.0
1550,1551,102.0
1551,1552,106.0
1552,1553,138.0
1553,1554,93.0
1554,1555,98.0
1555,1556,110.0
1556,1557,91.0
1557,1558,129.0
1558,1559,105.0
1559,1560,105.0
1560,1561,81.0
1561,1562,98.0
1562,1563,121.0
1563,1564,108.0
1564,1565,140.0
1565,1566,130.0
1566,1567,88.0
1567,1568,108.0
1568,1569,101.0
1569,1570,110.0
1570,1571,76.0
1571,1572,101.0
1572,1573,183.0
1573,1574,84.0
1574,1575,85.0
1575,1576,89.0
1576,1577,102.0
1577,1578,96.0
1578,1579,117.0
1579,1580,136.0
1580,1581,105.0
1581,1582,127.0
1582,1583,87.0
1583,1584,114.0
1584,1585,95.0
1585,1586,83.0
1586,1587,120.0
1587,1588,91.0
1588,1589,112.0
1589,1590,97.0
1590,1591,96.0
1591,1592,103.0
1592,1593,101.0
1593,1594,109.0
1594,1595,89.0
1595,1596,89.0
1596,1597,89.0
1597,1598,89.0
1598,1599,107.0
1599,1600,90.0
1600,1601,88.0
1601,1602,92.0
1602,1603,105.0
1603,1604,108.0
1604,1605,101.0
1605,1606,111.0
1606,1607,109.0
1607,1608,111.0
1608,1609,114.0
1609,1610,101.0
1610,1611,94.0
1611,1612,98.0
1612,1613,98.0
1613,1614,130.0
1614,1615,93.0
1615,1616,112.0
1616,1617,122.0
1617,1618,95.0
1618,1619,89.0
1619,1620,136.0
1620,1621,134.0
1621,1622,98.0
1622,1623,97.0
1623,1624,122.0
1624,1625,93.0
1625,1626,105.0
1626,1627,102.0
1627,1628,105.0
1628,1629,104.0
1629,1630,116.0
1630,1631,149.0
1631,1632,107.0
1632,1633,73.0
1633,1634,84.0
1634,1635,119.0
1635,1636,101.0
1636,1637,93.0
1637,1638,92.0
1638,1639,129.0
1639,1640,101.0
1640,1641,186.0
1641,1642,86.0
1642,1643,119.0
1643,1644,132.0
1644,1645,129.0
1645,1646,144.0
1646,1647,104.0
1647,1648,100.0
1648,1649,95.0
1649,1650,106.0
1650,1651,138.0
1651,1652,107.0
1652,1653,100.0
1653,1654,98.0
1654,1655,107.0
1655,1656,121.0
1656,1657,141.0
1657,1658,100.0
1658,1659,86.0
1659,1660,93.0
1660,1661,136.0
1661,1662,126.0
1662,1663,113.0
1663,1664,94.0
1664,1665,93.0
1665,1666,129.0
1666,1667,127.0
1667,1668,104.0
1668,1669,171.0
1669,1670,89.0
1670,1671,116.0
1671,1672,101.0
1672,1673,100.0
1673,1674,152.0
1674,1675,90.0
1675,1676,94.0
1676,1677,104.0
1677,1678,120.0
1678,1679,107.0
1679,1680,81.0
1680,1681,89.0
1681,1682,127.0
1682,1683,81.0
1683,1684,105.0
1684,1685,83.0
1685,1686,124.0
1686,1687,133.0
1687,1688,79.0
1688,1689,105.0
1689,1690,98.0
1690,1691,108.0
1691,1692,98.0
1692,1693,98.0
1693,1694,89.0
1694,1695,127.0
1695,1696,113.0
1696,1697,115.0
1697,1698,132.0
1698,1699,124.0
1699,1700,105.0
1700,1701,135.0
1701,1702,77.0
1702,1703,86.0
1703,1704,103.0
1704,1705,100.0
1705,1706,108.0
1706,1707,141.0
1707,1708,101.0
1708,1709,121.0
1709,1710,95.0
1710,1711,130.0
1711,1712,87.0
1712,1713,99.0
1713,1714,115.0
1714,1715,80.0
1715,1716,140.0
1716,1717,96.0
1717,1718,102.0
1718,1719,108.0
1719,1720,155.0
1720,1721,117.0
1721,1722,116.0
1722,1723,93.0
1723,1724,100.0
1724,1725,128.0
1725,1726,95.0
1726,1727,91.0
1727,1728,92.0
1728,1729,102.0
1729,1730,163.0
1730,1731,90.0
1731,1732,199.0
1732,1733,140.0
1733,1734,105.0
1734,1735,118.0
1735,1736,127.0
1736,1737,121.0
1737,1738,90.0
1738,1739,112.0
1739,1740,98.0
1740,1741,119.0
1741,1742,111.0
1742,1743,105.0
1743,1744,104.0
1744,1745,141.0
1745,1746,108.0
1746,1747,98.0
1747,1748,84.0
1748,1749,86.0
1749,1750,119.0
1750,1751,109.0
1751,1752,94.0
1752,1753,99.0
1753,1754,99.0
1754,1755,95.0
1755,1756,94.0
1756,1757,108.0
1757,1758,135.0
1758,1759,96.0
1759,1760,120.0
1760,1761,85.0
1761,1762,137.0
1762,1763,93.0
1763,1764,68.0
1764,1765,161.0
1765,1766,120.0
1766,1767,158.0
1767,1768,91.0
1768,1769,87.0
1769,1770,73.0
1770,1771,115.0
1771,1772,100.0
1772,1773,104.0
1773,1774,98.0
1774,1775,122.0
1775,1776,97.0
1776,1777,95.0
1777,1778,89.0
1778,1779,110.0
1779,1780,101.0
1780,1781,110.0
1781,1782,80.0
1782,1783,105.0
1783,1784,137.0
1784,1785,118.0
1785,1786,105.0
1786,1787,103.0
1787,1788,101.0
1788,1789,117.0
1789,1790,119.0
1790,1791,99.0
1791,1792,80.0
1792,1793,112.0
1793,1794,145.0
1794,1795,106.0
1795,1796,118.0
1796,1797,134.0
1797,1798,113.0
1798,1799,113.0
1799,1800,129.0
1800,1801,141.0
1801,1802,90.0
1802,1803,107.0
1803,1804,78.0
1804,1805,126.0
1805,1806,112.0
1806,1807,149.0
1807,1808,115.0
1808,1809,150.0
1809,1810,134.0
1810,1811,111.0
1811,1812,109.0
1812,1813,121.0
1813,1814,86.0
1814,1815,117.0
1815,1816,147.0
1816,1817,106.0
1817,1818,89.0
1818,1819,142.0
1819,1820,91.0
1820,1821,88.0
1821,1822,120.0
1822,1823,111.0
1823,1824,86.0
1824,1825,188.0
1825,1826,81.0
1826,1827,105.0
1827,1828,133.0
1828,1829,120.0
1829,1830,96.0
1830,1831,116.0
1831,1832,102.0
1832,1833,129.0
1833,1834,124.0
1834,1835,96.0
1835,1836,97.0
1836,1837,101.0
1837,1838,109.0
1838,1839,106.0
1839,1840,156.0
1840,1841,105.0
1841,1842,89.0
1842,1843,105.0
1843,1844,106.0
1844,1845,97.0
1845,1846,97.0
1846,1847,103.0
1847,1848,86.0
1848,1849,170.0
1849,1850,162.0
1850,1851,94.0
1851,1852,97.0
1852,1853,93.0
1853,1854,90.0
1854,1855,104.0
1855,1856,91.0
1856,1857,125.0
1857,1858,114.0
1858,1859,107.0
1859,1860,93.0
1860,1861,104.0
1861,1862,136.0
1862,1863,101.0
1863,1864,98.0
1864,1865,93.0
1865,1866,96.0
1866,1867,110.0
1867,1868,92.0
1868,1869,141.0
1869,1870,137.0
1870,1871,115.0
1871,1872,108.0
1872,1873,171.0
1873,1874,133.0
1874,1875,0.0
1875,1876,90.0
1876,1877,98.0
1877,1878,103.0
1878,1879,112.0
1879,1880,138.0
1880,1881,104.0
1881,1882,109.0
1882,1883,108.0
1883,1884,115.0
1884,1885,119.0
1885,1886,103.0
1886,1887,100.0
1887,1888,103.0
1888,1889,107.0
1889,1890,133.0
1890,1891,90.0
1891,1892,110.0
1892,1893,99.0
1893,1894,93.0
1894,1895,86.0
1895,1896,94.0
1896,1897,123.0
1897,1898,93.0
1898,1899,108.0
1899,1900,150.0
1900,1901,109.0
1901,1902,88.0
1902,1903,110.0
1903,1904,99.0
1904,1905,110.0
1905,1906,95.0
1906,1907,93.0
1907,1908,101.0
1908,1909,131.0
1909,1910,102.0
1910,1911,113.0
1911,1912,75.0
1912,1913,148.0
1913,1914,96.0
1914,1915,214.0
1915,1916,90.0
1916,1917,154.0
1917,1918,137.0
1918,1919,89.0
1919,1920,96.0
1920,1921,106.0
1921,1922,84.0
1922,1923,248.0
1923,1924,100.0
1924,1925,145.0
1925,1926,87.0
1926,1927,127.0
1927,1928,155.0
1928,1929,93.0
1929,1930,137.0
1930,1931,159.0
1931,1932,106.0
1932,1933,105.0
1933,1934,96.0
1934,1935,90.0
1935,1936,117.0
1936,1937,123.0
1937,1938,105.0
1938,1939,115.0
1939,1940,101.0
1940,1941,106.0
1941,1942,80.0
1942,1943,78.0
1943,1944,98.0
1944,1945,108.0
1945,1946,111.0
1946,1947,86.0
1947,1948,117.0
1948,1949,138.0
1949,1950,92.0
1950,1951,100.0
1951,1952,128.0
1952,1953,122.0
1953,1954,105.0
1954,1955,126.0
1955,1956,138.0
1956,1957,96.0
1957,1958,104.0
1958,1959,90.0
1959,1960,87.0
1960,1961,126.0
1961,1962,85.0
1962,1963,118.0
1963,1964,114.0
1964,1965,91.0
1965,1966,111.0
1966,1967,108.0
1967,1968,127.0
1968,1969,115.0
1969,1970,90.0
1970,1971,90.0
1971,1972,100.0
1972,1973,126.0
1973,1974,87.0
1974,1975,100.0
1975,1976,207.0
1976,1977,114.0
1977,1978,85.0
1978,1979,117.0
1979,1980,108.0
1980,1981,83.0
1981,1982,112.0
1982,1983,127.0
1983,1984,98.0
1984,1985,104.0
1985,1986,108.0
1986,1987,140.0
1987,1988,186.0
1988,1989,104.0
1989,1990,123.0
1990,1991,88.0
1991,1992,118.0
1992,1993,160.0
1993,1994,75.0
1994,1995,101.0
1995,1996,120.0
1996,1997,144.0
1997,1998,105.0
1998,1999,100.0
1999,2000,100.0
2000,2001,97.0
2001,2002,89.0
2002,2003,90.0
2003,2004,93.0
2004,2005,99.0
2005,2006,90.0
2006,2007,78.0
2007,2008,99.0
2008,2009,89.0
2009,2010,113.0
2010,2011,83.0
2011,2012,107.0
2012,2013,83.0
2013,2014,100.0
2014,2015,180.0
2015,2016,110.0
2016,2017,142.0
2017,2018,106.0
2018,2019,121.0
2019,2020,91.0
2020,2021,101.0
2021,2022,100.0
2022,2023,102.0
2023,2024,96.0
2024,2025,96.0
2025,2026,116.0
2026,2027,95.0
2027,2028,160.0
2028,2029,129.0
2029,2030,84.0
2030,2031,100.0
2031,2032,106.0
2032,2033,89.0
2033,2034,122.0
2034,2035,123.0
2035,2036,187.0
2036,2037,140.0
2037,2038,130.0
2038,2039,126.0
2039,2040,102.0
2040,2041,104.0
2041,2042,105.0
2042,2043,97.0
2043,2044,97.0
2044,2045,107.0
2045,2046,138.0
2046,2047,120.0
2047,2048,104.0
2048,2049,92.0
2049,2050,94.0
2050,2051,93.0
2051,2052,110.0
2052,2053,111.0
2053,2054,91.0
2054,2055,73.0
2055,2056,126.0
2056,2057,119.0
2057,2058,106.0
2058,2059,105.0
2059,2060,128.0
2060,2061,101.0
2061,2062,116.0
2062,2063,108.0
2063,2064,87.0
2064,2065,100.0
2065,2066,112.0
2066,2067,154.0
2067,2068,87.0
2068,2069,87.0
2069,2070,97.0
2070,2071,115.0
2071,2072,98.0
2072,2073,129.0
2073,2074,121.0
2074,2075,112.0
2075,2076,86.0
2076,2077,90.0
2077,2078,98.0
2078,2079,113.0
2079,2080,75.0
2080,2081,102.0
2081,2082,107.0
2082,2083,96.0
2083,2084,102.0
2084,2085,97.0
2085,2086,105.0
2086,2087,121.0
2087,2088,104.0
2088,2089,106.0
2089,2090,101.0
2090,2091,98.0
2091,2092,91.0
2092,2093,98.0
2093,2094,102.0
2094,2095,118.0
2095,2096,90.0
2096,2097,79.0
2097,2098,143.0
2098,2099,97.0
2099,2100,95.0
2100,2101,124.0
2101,2102,104.0
2102,2103,88.0
2103,2104,86.0
2104,2105,93.0
2105,2106,91.0
2106,2107,96.0
2107,2108,99.0
2108,2109,110.0
2109,2110,121.0
2110,2111,157.0
2111,2112,128.0
2112,2113,114.0
2113,2114,119.0
2114,2115,97.0
2115,2116,115.0
2116,2117,117.0
2117,2118,104.0
2118,2119,117.0
2119,2120,96.0
2120,2121,197.0
2121,2122,120.0
2122,2123,120.0
2123,2124,105.0
2124,2125,98.0
2125,2126,121.0
2126,2127,137.0
2127,2128,87.0
2128,2129,164.0
2129,2130,94.0
2130,2131,86.0
2131,2132,101.0
2132,2133,89.0
2133,2134,100.0
2134,2135,132.0
2135,2136,136.0
2136,2137,84.0
2137,2138,113.0
2138,2139,88.0
2139,2140,113.0
2140,2141,101.0
2141,2142,121.0
2142,2143,128.0
2143,2144,88.0
2144,2145,96.0
2145,2146,90.0
2146,2147,91.0
2147,2148,136.0
2148,2149,90.0
2149,2150,99.0
2150,2151,0.0
2151,2152,80.0
2152,2153,84.0
2153,2154,88.0
2154,2155,99.0
2155,2156,100.0
2156,2157,136.0
2157,2158,89.0
2158,2159,119.0
2159,2160,112.0
2160,2161,106.0
2161,2162,106.0
2162,2163,127.0
2163,2164,95.0
2164,2165,124.0
2165,2166,108.0
2166,2167,107.0
2167,2168,100.0
2168,2169,84.0
2169,2170,90.0
2170,2171,118.0
2171,2172,100.0
2172,2173,119.0
2173,2174,100.0
2174,2175,78.0
2175,2176,106.0
2176,2177,122.0
2177,2178,93.0
2178,2179,124.0
2179,2180,131.0
2180,2181,138.0
2181,2182,83.0
2182,2183,125.0
2183,2184,92.0
2184,2185,107.0
2185,2186,154.0
2186,2187,98.0
2187,2188,89.0
2188,2189,116.0
2189,2190,142.0
2190,2191,133.0
2191,2192,99.0
2192,2193,105.0
2193,2194,101.0
2194,2195,98.0
2195,2196,102.0
2196,2197,107.0
2197,2198,133.0
2198,2199,95.0
2199,2200,105.0
2200,2201,126.0
2201,2202,95.0
2202,2203,87.0
2203,2204,97.0
2204,2205,109.0
2205,2206,112.0
2206,2207,114.0
2207,2208,113.0
2208,2209,111.0
2209,2210,169.0
2210,2211,85.0
2211,2212,99.0
2212,2213,95.0
2213,2214,101.0
2214,2215,116.0
2215,2216,114.0
2216,2217,90.0
2217,2218,109.0
2218,2219,100.0
2219,2220,123.0
2220,2221,110.0
2221,2222,110.0
2222,2223,183.0
2223,2224,95.0
2224,2225,125.0
2225,2226,118.0
2226,2227,105.0
2227,2228,107.0
2228,2229,123.0
2229,2230,93.0
2230,2231,119.0
2231,2232,98.0
2232,2233,115.0
2233,2234,107.0
2234,2235,130.0
2235,2236,120.0
2236,2237,106.0
2237,2238,124.0
2238,2239,104.0
2239,2240,172.0
2240,2241,108.0
2241,2242,131.0
2242,2243,157.0
2243,2244,113.0
2244,2245,124.0
2245,2246,108.0
2246,2247,90.0
2247,2248,105.0
2248,2249,100.0
2249,2250,126.0
2250,2251,97.0
2251,2252,130.0
2252,2253,90.0
2253,2254,106.0
2254,2255,106.0
2255,2256,95.0
2256,2257,158.0
2257,2258,114.0
2258,2259,96.0
2259,2260,99.0
2260,2261,84.0
2261,2262,98.0
2262,2263,109.0
2263,2264,100.0
2264,2265,107.0
2265,2266,157.0
2266,2267,127.0
2267,2268,103.0
2268,2269,128.0
2269,2270,108.0
2270,2271,110.0
2271,2272,117.0
2272,2273,77.0
2273,2274,124.0
2274,2275,99.0
2275,2276,111.0
2276,2277,100.0
2277,2278,66.0
2278,2279,95.0
2279,2280,100.0
2280,2281,98.0
2281,2282,103.0
2282,2283,90.0
2283,2284,92.0
2284,2285,115.0
2285,2286,100.0
2286,2287,104.0
2287,2288,151.0
2288,2289,110.0
2289,2290,76.0
2290,2291,91.0
2291,2292,97.0
2292,2293,110.0
2293,2294,110.0
2294,2295,102.0
2295,2296,80.0
2296,2297,114.0
2297,2298,88.0
2298,2299,90.0
2299,2300,103.0
2300,2301,101.0
2301,2302,101.0
2302,2303,
2303,2304,151.0
2304,2305,143.0
2305,2306,87.0
2306,2307,108.0
2307,2308,100.0
2308,2309,100.0
2309,2310,136.0
2310,2311,98.0
2311,2312,99.0
2312,2313,107.0
2313,2314,105.0
2314,2315,122.0
2315,2316,120.0
2316,2317,91.0
2317,2318,137.0
2318,2319,146.0
2319,2320,104.0
2320,2321,105.0
2321,2322,98.0
2322,2323,154.0
2323,2324,63.0
2324,2325,110.0
2325,2326,154.0
2326,2327,108.0
2327,2328,92.0
2328,2329,101.0
2329,2330,113.0
2330,2331,105.0
2331,2332,99.0
2332,2333,93.0
2333,2334,117.0
2334,2335,100.0
2335,2336,88.0
2336,2337,100.0
2337,2338,113.0
2338,2339,139.0
2339,2340,91.0
2340,2341,110.0
2341,2342,99.0
2342,2343,90.0
2343,2344,96.0
2344,2345,140.0
2345,2346,98.0
2346,2347,178.0
2347,2348,127.0
2348,2349,111.0
2349,2350,122.0
2350,2351,93.0
2351,2352,118.0
2352,2353,123.0
2353,2354,213.0
2354,2355,97.0
2355,2356,119.0
2356,2357,100.0
2357,2358,143.0
2358,2359,111.0
2359,2360,90.0
2360,2361,108.0
2361,2362,92.0
2362,2363,89.0
2363,2364,113.0
2364,2365,89.0
2365,2366,122.0
2366,2367,85.0
2367,2368,114.0
2368,2369,105.0
2369,2370,134.0
2370,2371,99.0
2371,2372,98.0
2372,2373,123.0
2373,2374,123.0
2374,2375,89.0
2375,2376,101.0
2376,2377,155.0
2377,2378,119.0
2378,2379,91.0
2379,2380,97.0
2380,2381,104.0
2381,2382,129.0
2382,2383,129.0
2383,2384,126.0
2384,2385,88.0
2385,2386,120.0
2386,2387,115.0
2387,2388,94.0
2388,2389,109.0
2389,2390,87.0
2390,2391,155.0
2391,2392,130.0
2392,2393,129.0
2393,2394,90.0
2394,2395,88.0
2395,2396,115.0
2396,2397,133.0
2397,2398,117.0
2398,2399,111.0
2399,2400,133.0
2400,2401,110.0
2401,2402,109.0
2402,2403,101.0
2403,2404,125.0
2404,2405,125.0
2405,2406,102.0
2406,2407,111.0
2407,2408,99.0
2408,2409,91.0
2409,2410,129.0
2410,2411,90.0
2411,2412,123.0
2412,2413,93.0
2413,2414,112.0
2414,2415,122.0
2415,2416,98.0
2416,2417,99.0
2417,2418,100.0
2418,2419,108.0
2419,2420,134.0
2420,2421,103.0
2421,2422,94.0
2422,2423,102.0
2423,2424,157.0
2424,2425,105.0
2425,2426,88.0
2426,2427,105.0
2427,2428,91.0
2428,2429,108.0
2429,2430,90.0
2430,2431,154.0
2431,2432,134.0
2432,2433,81.0
2433,2434,87.0
2434,2435,105.0
2435,2436,106.0
2436,2437,149.0
2437,2438,130.0
2438,2439,107.0
2439,2440,110.0
2440,2441,110.0
2441,2442,95.0
2442,2443,98.0
2443,2444,124.0
2444,2445,112.0
2445,2446,91.0
2446,2447,116.0
2447,2448,96.0
2448,2449,120.0
2449,2450,106.0
2450,2451,111.0
2451,2452,93.0
2452,2453,113.0
2453,2454,89.0
2454,2455,119.0
2455,2456,106.0
2456,2457,104.0
2457,2458,112.0
2458,2459,97.0
2459,2460,102.0
2460,2461,129.0
2461,2462,102.0
2462,2463,112.0
2463,2464,93.0
2464,2465,181.0
2465,2466,97.0
2466,2467,105.0
2467,2468,103.0
2468,2469,115.0
2469,2470,108.0
2470,2471,110.0
2471,2472,98.0
2472,2473,93.0
2473,2474,93.0
2474,2475,116.0
2475,2476,92.0
2476,2477,90.0
2477,2478,117.0
2478,2479,93.0
2479,2480,115.0
2480,2481,144.0
2481,2482,133.0
2482,2483,97.0
2483,2484,105.0
2484,2485,113.0
2485,2486,139.0
2486,2487,135.0
2487,2488,103.0
2488,2489,88.0
2489,2490,91.0
2490,2491,86.0
2491,2492,94.0
2492,2493,114.0
2493,2494,88.0
2494,2495,94.0
2495,2496,128.0
2496,2497,105.0
2497,2498,127.0
2498,2499,0.0
2499,2500,133.0
2500,2501,107.0
2501,2502,94.0
2502,2503,91.0
2503,2504,95.0
2504,2505,98.0
2505,2506,101.0
2506,2507,101.0
2507,2508,120.0
2508,2509,106.0
2509,2510,98.0
2510,2511,93.0
2511,2512,140.0
2512,2513,89.0
2513,2514,108.0
2514,2515,132.0
2515,2516,124.0
2516,2517,117.0
2517,2518,116.0
2518,2519,113.0
2519,2520,76.0
2520,2521,134.0
2521,2522,122.0
2522,2523,84.0
2523,2524,96.0
2524,2525,99.0
2525,2526,99.0
2526,2527,91.0
2527,2528,164.0
2528,2529,131.0
2529,2530,128.0
2530,2531,110.0
2531,2532,133.0
2532,2533,169.0
2533,2534,124.0
2534,2535,89.0
2535,2536,140.0
2536,2537,123.0
2537,2538,98.0
2538,2539,162.0
2539,2540,98.0
2540,2541,104.0
2541,2542,134.0
2542,2543,106.0
2543,2544,96.0
2544,2545,98.0
2545,2546,133.0
2546,2547,105.0
2547,2548,101.0
2548,2549,124.0
2549,2550,105.0
2550,2551,139.0
2551,2552,106.0
2552,2553,88.0
2553,2554,89.0
2554,2555,106.0
2555,2556,96.0
2556,2557,87.0
2557,2558,108.0
2558,2559,79.0
2559,2560,132.0
2560,2561,97.0
2561,2562,95.0
2562,2563,97.0
2563,2564,193.0
2564,2565,96.0
2565,2566,136.0
2566,2567,99.0
2567,2568,128.0
2568,2569,118.0
2569,2570,102.0
2570,2571,100.0
2571,2572,88.0
2572,2573,127.0
2573,2574,96.0
2574,2575,118.0
2575,2576,62.0
2576,2577,90.0
2577,2578,11.0
2578,2579,80.0
2579,2580,89.0
2580,2581,95.0
2581,2582,108.0
2582,2583,90.0
2583,2584,88.0
2584,2585,107.0
2585,2586,83.0
2586,2587,102.0
2587,2588,125.0
2588,2589,105.0
2589,2590,105.0
2590,2591,73.0
2591,2592,112.0
2592,2593,86.0
2593,2594,93.0
2594,2595,112.0
2595,2596,102.0
2596,2597,109.0
2597,2598,106.0
2598,2599,90.0
2599,2600,132.0
2600,2601,98.0
2601,2602,137.0
2602,2603,89.0
2603,2604,109.0
2604,2605,91.0
2605,2606,99.0
2606,2607,103.0
2607,2608,84.0
2608,2609,124.0
2609,2610,110.0
2610,2611,139.0
2611,2612,107.0
2612,2613,113.0
2613,2614,119.0
2614,2615,87.0
2615,2616,79.0
2616,2617,88.0
2617,2618,127.0
2618,2619,108.0
2619,2620,92.0
2620,2621,93.0
2621,2622,101.0
2622,2623,87.0
2623,2624,137.0
2624,2625,104.0
2625,2626,97.0
2626,2627,105.0
2627,2628,82.0
2628,2629,113.0
2629,2630,89.0
2630,2631,103.0
2631,2632,172.0
2632,2633,106.0
2633,2634,94.0
2634,2635,103.0
2635,2636,98.0
2636,2637,100.0
2637,2638,105.0
2638,2639,112.0
2639,2640,111.0
2640,2641,102.0
2641,2642,97.0
2642,2643,100.0
2643,2644,96.0
2644,2645,129.0
2645,2646,0.0
2646,2647,99.0
2647,2648,133.0
2648,2649,103.0
2649,2650,113.0
2650,2651,97.0
2651,2652,124.0
2652,2653,125.0
2653,2654,108.0
2654,2655,82.0
2655,2656,104.0
2656,2657,113.0
2657,2658,94.0
2658,2659,102.0
2659,2660,108.0
2660,2661,132.0
2661,2662,97.0
2662,2663,157.0
2663,2664,94.0
2664,2665,122.0
2665,2666,93.0
2666,2667,139.0
2667,2668,98.0
2668,2669,81.0
2669,2670,81.0
2670,2671,89.0
2671,2672,113.0
2672,2673,135.0
2673,2674,149.0
2674,2675,103.0
2675,2676,139.0
2676,2677,83.0
2677,2678,174.0
2678,2679,117.0
2679,2680,140.0
2680,2681,84.0
2681,2682,95.0
2682,2683,115.0
2683,2684,103.0
2684,2685,122.0
2685,2686,100.0
2686,2687,88.0
2687,2688,104.0
2688,2689,150.0
2689,2690,113.0
2690,2691,107.0
2691,2692,95.0
2692,2693,113.0
2693,2694,122.0
2694,2695,97.0
2695,2696,99.0
2696,2697,104.0
2697,2698,104.0
2698,2699,123.0
2699,2700,84.0
2700,2701,105.0
2701,2702,112.0
2702,2703,108.0
2703,2704,98.0
2704,2705,93.0
2705,2706,93.0
2706,2707,116.0
2707,2708,86.0
2708,2709,124.0
2709,2710,92.0
2710,2711,77.0
2711,2712,147.0
2712,2713,100.0
2713,2714,127.0
2714,2715,94.0
2715,2716,84.0
2716,2717,98.0
2717,2718,111.0
2718,2719,104.0
2719,2720,125.0
2720,2721,95.0
2721,2722,99.0
2722,2723,90.0
2723,2724,75.0
2724,2725,110.0
2725,2726,96.0
2726,2727,134.0
2727,2728,95.0
2728,2729,117.0
2729,2730,97.0
2730,2731,121.0
2731,2732,88.0
2732,2733,90.0
2733,2734,124.0
2734,2735,104.0
2735,2736,77.0
2736,2737,83.0
2737,2738,148.0
2738,2739,95.0
2739,2740,115.0
2740,2741,132.0
2741,2742,121.0
2742,2743,99.0
2743,2744,105.0
2744,2745,108.0
2745,2746,91.0
2746,2747,96.0
2747,2748,178.0
2748,2749,102.0
2749,2750,89.0
2750,2751,120.0
2751,2752,103.0
2752,2753,100.0
2753,2754,121.0
2754,2755,110.0
2755,2756,128.0
2756,2757,114.0
2757,2758,90.0
2758,2759,80.0
2759,2760,98.0
2760,2761,115.0
2761,2762,115.0
2762,2763,113.0
2763,2764,104.0
2764,2765,128.0
2765,2766,124.0
2766,2767,121.0
2767,2768,90.0
2768,2769,86.0
2769,2770,98.0
2770,2771,141.0
2771,2772,90.0
2772,2773,137.0
2773,2774,116.0
2774,2775,95.0
2775,2776,96.0
2776,2777,107.0
2777,2778,100.0
2778,2779,113.0
2779,2780,94.0
2780,2781,106.0
2781,2782,87.0
2782,2783,123.0
2783,2784,116.0
2784,2785,140.0
2785,2786,0.0
2786,2787,106.0
2787,2788,118.0
2788,2789,88.0
2789,2790,108.0
2790,2791,96.0
2791,2792,84.0
2792,2793,134.0
2793,2794,115.0
2794,2795,100.0
2795,2796,125.0
2796,2797,139.0
2797,2798,124.0
2798,2799,105.0
2799,2800,133.0
2800,2801,113.0
2801,2802,90.0
2802,2803,161.0
2803,2804,90.0
2804,2805,81.0
2805,2806,79.0
2806,2807,100.0
2807,2808,168.0
2808,2809,103.0
2809,2810,89.0
2810,2811,118.0
2811,2812,108.0
2812,2813,121.0
2813,2814,118.0
2814,2815,104.0
2815,2816,130.0
2816,2817,78.0
2817,2818,87.0
2818,2819,72.0
2819,2820,90.0
2820,2821,157.0
2821,2822,87.0
2822,2823,120.0
2823,2824,112.0
2824,2825,114.0
2825,2826,103.0
2826,2827,91.0
2827,2828,90.0
2828,2829,150.0
2829,2830,111.0
2830,2831,88.0
2831,2832,94.0
2832,2833,103.0
2833,2834,101.0
2834,2835,128.0
2835,2836,103.0
2836,2837,118.0
2837,2838,97.0
2838,2839,93.0
2839,2840,136.0
2840,2841,114.0
2841,2842,95.0
2842,2843,96.0
2843,2844,130.0
2844,2845,106.0
2845,2846,116.0
2846,2847,91.0
2847,2848,99.0
2848,2849,134.0
2849,2850,130.0
2850,2851,78.0
2851,2852,108.0
2852,2853,92.0
2853,2854,104.0
2854,2855,111.0
2855,2856,69.0
2856,2857,137.0
2857,2858,130.0
2858,2859,117.0
2859,2860,143.0
2860,2861,191.0
2861,2862,96.0
2862,2863,107.0
2863,2864,124.0
2864,2865,101.0
2865,2866,0.0
2866,2867,124.0
2867,2868,120.0
2868,2869,107.0
2869,2870,102.0
2870,2871,110.0
2871,2872,120.0
2872,2873,118.0
2873,2874,95.0
2874,2875,89.0
2875,2876,93.0
2876,2877,118.0
2877,2878,160.0
2878,2879,95.0
2879,2880,126.0
2880,2881,131.0
2881,2882,141.0
2882,2883,96.0
2883,2884,104.0
2884,2885,82.0
2885,2886,114.0
2886,2887,94.0
2887,2888,97.0
2888,2889,124.0
2889,2890,96.0
2890,2891,102.0
2891,2892,103.0
2892,2893,104.0
2893,2894,109.0
2894,2895,110.0
2895,2896,124.0
2896,2897,95.0
2897,2898,105.0
2898,2899,117.0
2899,2900,82.0
2900,2901,100.0
2901,2902,137.0
2902,2903,95.0
2903,2904,100.0
2904,2905,93.0
2905,2906,106.0
2906,2907,105.0
2907,2908,87.0
2908,2909,89.0
2909,2910,110.0
2910,2911,110.0
2911,2912,114.0
2912,2913,135.0
2913,2914,94.0
2914,2915,105.0
2915,2916,131.0
2916,2917,122.0
2917,2918,123.0
2918,2919,109.0
2919,2920,107.0
2920,2921,92.0
2921,2922,75.0
2922,2923,95.0
2923,2924,106.0
2924,2925,125.0
2925,2926,95.0
2926,2927,90.0
2927,2928,133.0
2928,2929,124.0
2929,2930,98.0
2930,2931,98.0
2931,2932,94.0
2932,2933,182.0
2933,2934,133.0
2934,2935,94.0
2935,2936,93.0
2936,2937,100.0
2937,2938,118.0
2938,2939,124.0
2939,2940,104.0
2940,2941,111.0
2941,2942,106.0
2942,2943,108.0
2943,2944,79.0
2944,2945,153.0
2945,2946,128.0
2946,2947,80.0
2947,2948,111.0
2948,2949,83.0
2949,2950,96.0
2950,2951,97.0
2951,2952,102.0
2952,2953,112.0
2953,2954,119.0
2954,2955,103.0
2955,2956,133.0
2956,2957,104.0
2957,2958,103.0
2958,2959,85.0
2959,2960,145.0
2960,2961,117.0
2961,2962,94.0
2962,2963,132.0
2963,2964,129.0
2964,2965,99.0
2965,2966,157.0
2966,2967,96.0
2967,2968,134.0
2968,2969,95.0
2969,2970,137.0
2970,2971,129.0
2971,2972,110.0
2972,2973,94.0
2973,2974,94.0
2974,2975,96.0
2975,2976,86.0
2976,2977,96.0
2977,2978,102.0
2978,2979,119.0
2979,2980,106.0
2980,2981,144.0
2981,2982,97.0
2982,2983,85.0
2983,2984,108.0
2984,2985,117.0
2985,2986,113.0
2986,2987,84.0
2987,2988,90.0
2988,2989,94.0
2989,2990,75.0
2990,2991,90.0
2991,2992,112.0
2992,2993,149.0
2993,2994,128.0
2994,2995,106.0
2995,2996,102.0
2996,2997,102.0
2997,2998,120.0
2998,2999,90.0
2999,3000,106.0
