,id,age
0,1,4.063013698630137
1,2,14.610958904109589
2,3,4.427397260273972
3,4,7.016438356164383
4,5,10.106849315068493
5,6,31.624657534246577
6,7,6.53972602739726
7,8,15.169863013698631
8,9,23.087671232876712
9,10,15.92054794520548
10,11,42.33698630136986
11,12,31.698630136986303
12,13,19.506849315068493
13,14,14.035616438356165
14,15,16.742465753424657
15,16,8.441095890410958
16,17,13.616438356164384
17,18,5.219178082191781
18,19,8.115068493150686
19,20,13.621917808219179
20,21,20.958904109589042
21,22,36.608219178082194
22,23,6.63013698630137
23,24,7.534246575342466
24,25,12.517808219178082
25,26,26.405479452054795
26,27,21.526027397260275
27,28,5.517808219178082
28,29,32.61917808219178
29,30,16.945205479452056
30,31,7.367123287671233
31,32,13.873972602739727
32,33,3.3972602739726026
33,34,4.449315068493151
34,35,11.605479452054794
35,36,6.912328767123288
36,37,19.136986301369863
37,38,24.027397260273972
38,39,5.501369863013698
39,40,53.9013698630137
40,41,12.89041095890411
41,42,51.69315068493151
42,43,19.041095890410958
43,44,4.523287671232877
44,45,14.112328767123287
45,46,9.432876712328767
46,47,12.983561643835616
47,48,3.219178082191781
48,49,1.9726027397260273
49,50,24.336986301369862
50,51,11.126027397260273
51,52,53.66849315068493
52,53,38.74520547945205
53,54,31.18082191780822
54,55,3.0657534246575344
55,56,25.715068493150685
56,57,9.610958904109589
57,58,21.745205479452054
58,59,10.726027397260275
59,60,17.027397260273972
60,61,12.336986301369864
61,62,62.76164383561644
62,63,21.16986301369863
63,64,29.646575342465752
64,65,5.47945205479452
65,66,31.065753424657533
66,67,9.167123287671233
67,68,5.443835616438356
68,69,56.18630136986302
69,70,12.786301369863013
70,71,14.035616438356165
71,72,15.10958904109589
72,73,28.958904109589042
73,74,14.964383561643835
74,75,42.98082191780822
75,76,7.575342465753424
76,77,18.86849315068493
77,78,38.66027397260274
78,79,37.26027397260274
79,80,2.493150684931507
80,81,16.257534246575343
81,82,13.402739726027397
82,83,13.632876712328768
83,84,34.29041095890411
84,85,8.147945205479452
85,86,23.778082191780822
86,87,39.26301369863014
87,88,24.134246575342466
88,89,1.9534246575342467
89,90,26.117808219178084
90,91,15.435616438356165
91,92,18.005479452054793
92,93,23.495890410958904
93,94,10.835616438356164
94,95,17.838356164383562
95,96,6.263013698630137
96,97,7.3342465753424655
97,98,7.720547945205479
98,99,6.536986301369863
99,100,30.931506849315067
100,101,29.147945205479452
101,102,17.265753424657536
102,103,11.578082191780823
103,104,6.46027397260274
104,105,5.063013698630137
105,106,5.515068493150685
106,107,9.147945205479452
107,108,23.82191780821918
108,109,19.926027397260274
109,110,52.391780821917806
110,111,17.43013698630137
111,112,14.610958904109589
112,113,3.315068493150685
113,114,30.98904109589041
114,115,17.246575342465754
115,116,16.797260273972604
116,117,6.367123287671233
117,118,12.04109589041096
118,119,25.753424657534246
119,120,22.12876712328767
120,121,17.621917808219177
121,122,19.75068493150685
122,123,29.10958904109589
123,124,18.994520547945207
124,125,9.663013698630136
125,126,10.7013698630137
126,127,40.80821917808219
127,128,18.235616438356164
128,129,13.421917808219177
129,130,22.421917808219177
130,131,5.641095890410959
131,132,8.202739726027398
132,133,18.53972602739726
133,134,8.361643835616439
134,135,11.526027397260274
135,136,12.715068493150685
136,137,6.8054794520547945
137,138,24.89041095890411
138,139,9.106849315068493
139,140,15.898630136986302
140,141,50.61917808219178
141,142,15.545205479452054
142,143,3.1424657534246574
143,144,10.35890410958904
144,145,51.347945205479455
145,146,2.26027397260274
146,147,31.01095890410959
147,148,5.619178082191781
148,149,26.96164383561644
149,150,6.964383561643835
150,151,38.276712328767125
151,152,3.1342465753424658
152,153,31.21917808219178
153,154,4.13972602739726
154,155,36.21369863013699
155,156,17.087671232876712
156,157,14.032876712328767
157,158,25.197260273972603
158,159,18.446575342465753
159,160,24.106849315068494
160,161,13.104109589041096
161,162,30.912328767123288
162,163,7.50958904109589
163,164,20.5013698630137
164,165,11.947945205479453
165,166,30.216438356164385
166,167,36.794520547945204
167,168,13.517808219178082
168,169,43.843835616438355
169,170,37.24383561643835
170,171,33.983561643835614
171,172,31.443835616438356
172,173,53.01917808219178
173,174,27.632876712328766
174,175,7.419178082191781
175,176,17.736986301369864
176,177,19.175342465753424
177,178,22.03287671232877
178,179,36.416438356164385
179,180,29.704109589041096
180,181,10.515068493150684
181,182,16.397260273972602
182,183,27.824657534246576
183,184,8.515068493150684
184,185,12.734246575342466
185,186,22.073972602739726
186,187,12.443835616438356
187,188,90.2931506849315
188,189,10.73150684931507
189,190,5.002739726027397
190,191,23.03013698630137
191,192,6.8273972602739725
192,193,2.7013698630136984
193,194,35.53972602739726
194,195,9.43013698630137
195,196,10.454794520547946
196,197,30.2986301369863
197,198,12.90958904109589
198,199,18.945205479452056
199,200,4.504109589041096
200,201,12.252054794520548
201,202,30.53150684931507
202,203,5.372602739726028
203,204,11.643835616438356
204,205,33.347945205479455
205,206,3.4904109589041097
206,207,26.865753424657534
207,208,23.720547945205478
208,209,24.90958904109589
209,210,15.032876712328767
210,211,21.23013698630137
211,212,43.76712328767123
212,213,25.561643835616437
213,214,6.786301369863014
214,215,6.534246575342466
215,216,6.098630136986301
216,217,4.6
217,218,37.74246575342466
218,219,38.583561643835615
219,220,14.687671232876712
220,221,9.898630136986302
221,222,26.34794520547945
222,223,8.780821917808218
223,224,27.0
224,225,2.8684931506849316
225,226,15.98904109589041
226,227,8.054794520547945
227,228,9.378082191780821
228,229,49.772602739726025
229,230,23.96986301369863
230,231,14.75068493150685
231,232,25.446575342465753
232,233,5.443835616438356
233,234,10.10958904109589
234,235,2.410958904109589
235,236,12.098630136986301
236,237,22.589041095890412
237,238,40.52328767123288
238,239,28.69041095890411
239,240,16.26027397260274
240,241,21.443835616438356
241,242,5.7534246575342465
242,243,9.621917808219179
243,244,23.378082191780823
244,245,39.90958904109589
245,246,10.413698630136986
246,247,24.64109589041096
247,248,14.520547945205479
248,249,17.778082191780822
249,250,40.463013698630135
250,251,18.106849315068494
251,252,23.24109589041096
252,253,15.052054794520547
253,254,6.2904109589041095
254,255,6.523287671232877
255,256,5.52054794520548
256,257,3.5095890410958903
257,258,62.298630136986304
258,259,23.334246575342465
259,260,20.515068493150686
260,261,30.54794520547945
261,262,12.884931506849314
262,263,8.26027397260274
263,264,31.356164383561644
264,265,14.841095890410958
265,266,16.252054794520546
266,267,11.512328767123288
267,268,24.515068493150686
268,269,12.654794520547945
269,270,11.523287671232877
270,271,7.975342465753425
271,272,12.616438356164384
272,273,28.457534246575342
273,274,8.780821917808218
274,275,20.252054794520546
275,276,5.808219178082192
276,277,10.161643835616438
277,278,20.767123287671232
278,279,2.4712328767123286
279,280,14.616438356164384
280,281,19.405479452054795
281,282,6.923287671232877
282,283,20.383561643835616
283,284,11.156164383561643
284,285,6.482191780821918
285,286,23.04931506849315
286,287,2.326027397260274
287,288,24.43013698630137
288,289,16.126027397260273
289,290,24.972602739726028
290,291,25.03013698630137
291,292,12.021917808219179
292,293,4.219178082191781
293,294,21.882191780821916
294,295,3.3205479452054796
295,296,9.895890410958904
296,297,17.065753424657533
297,298,16.04931506849315
298,299,28.073972602739726
299,300,27.328767123287673
300,301,29.167123287671235
301,302,85.42465753424658
302,303,13.506849315068493
303,304,25.791780821917808
304,305,31.161643835616438
305,306,16.257534246575343
306,307,9.413698630136986
307,308,2.2164383561643834
308,309,14.753424657534246
309,310,15.621917808219179
310,311,9.975342465753425
311,312,6.824657534246575
312,313,14.534246575342467
313,314,18.0986301369863
314,315,1.7452054794520548
315,316,11.126027397260273
316,317,7.008219178082192
317,318,5.602739726027397
318,319,12.747945205479452
319,320,34.11506849315069
320,321,32.53972602739726
321,322,7.0
322,323,3.219178082191781
323,324,20.115068493150684
324,325,31.621917808219177
325,326,20.73972602739726
326,327,22.493150684931507
327,328,7.635616438356164
328,329,8.23013698630137
329,330,12.331506849315069
330,331,36.99452054794521
331,332,9.241095890410959
332,333,11.523287671232877
333,334,69.20547945205479
334,335,15.868493150684932
335,336,4.8493150684931505
336,337,5.794520547945205
337,338,8.336986301369864
338,339,13.778082191780822
339,340,49.15890410958904
340,341,4.465753424657534
341,342,21.457534246575342
342,343,13.882191780821918
343,344,36.78356164383562
344,345,5.161643835616438
345,346,30.7013698630137
346,347,2.2684931506849315
347,348,22.421917808219177
348,349,35.03013698630137
349,350,14.271232876712329
350,351,2.4547945205479453
351,352,47.28219178082192
352,353,34.47945205479452
353,354,17.334246575342465
354,355,10.276712328767124
355,356,1.915068493150685
356,357,13.945205479452055
357,358,24.73972602739726
358,359,20.4027397260274
359,360,9.219178082191782
360,361,2.361643835616438
361,362,8.8
362,363,3.873972602739726
363,364,6.8273972602739725
364,365,19.389041095890413
365,366,14.438356164383562
366,367,4.912328767123288
367,368,20.126027397260273
368,369,2.8794520547945206
369,370,4.123287671232877
370,371,30.55068493150685
371,372,7.936986301369863
372,373,17.33150684931507
373,374,33.52054794520548
374,375,41.58082191780822
375,376,37.83561643835616
376,377,20.326027397260273
377,378,28.495890410958904
378,379,13.978082191780821
379,380,3.5013698630136987
380,381,12.273972602739725
381,382,14.942465753424658
382,383,25.698630136986303
383,384,6.52054794520548
384,385,19.254794520547946
385,386,11.986301369863014
386,387,8.627397260273973
387,388,27.28767123287671
388,389,7.361643835616438
389,390,15.934246575342465
390,391,6.227397260273973
391,392,1.9205479452054794
392,393,2.5726027397260274
393,394,22.339726027397262
394,395,37.75890410958904
395,396,11.158904109589042
396,397,5.698630136986301
397,398,29.35890410958904
398,399,26.482191780821918
399,400,24.934246575342467
400,401,13.654794520547945
401,402,16.778082191780822
402,403,4.424657534246576
403,404,6.093150684931507
404,405,30.183561643835617
405,406,21.41917808219178
406,407,26.693150684931506
407,408,21.457534246575342
408,409,30.087671232876712
409,410,25.945205479452056
410,411,32.676712328767124
411,412,15.654794520547945
412,413,6.098630136986301
413,414,12.254794520547945
414,415,6.832876712328767
415,416,19.75068493150685
416,417,10.504109589041096
417,418,33.61917808219178
418,419,15.575342465753424
419,420,9.04931506849315
420,421,7.846575342465753
421,422,32.83013698630137
422,423,9.413698630136986
423,424,7.016438356164383
424,425,11.331506849315069
425,426,6.701369863013698
426,427,11.605479452054794
427,428,9.704109589041096
428,429,42.224657534246575
429,430,12.408219178082192
430,431,2.956164383561644
431,432,15.150684931506849
432,433,18.476712328767125
433,434,18.046575342465754
434,435,12.419178082191781
435,436,31.698630136986303
436,437,5.153424657534247
437,438,15.947945205479453
438,439,30.764383561643836
439,440,2.5315068493150683
440,441,5.027397260273973
441,442,3.3917808219178083
442,443,21.457534246575342
443,444,34.0958904109589
444,445,2.4
445,446,30.413698630136988
446,447,9.454794520547946
447,448,23.671232876712327
448,449,21.649315068493152
449,450,13.838356164383562
450,451,15.186301369863013
451,452,3.1424657534246574
452,453,4.465753424657534
453,454,26.52054794520548
454,455,30.49041095890411
455,456,11.583561643835617
456,457,78.9041095890411
457,458,26.52054794520548
458,459,2.9753424657534246
459,460,23.567123287671233
460,461,33.12054794520548
461,462,11.465753424657533
462,463,21.687671232876713
463,464,29.638356164383563
464,465,28.898630136986302
465,466,31.410958904109588
466,467,36.81917808219178
467,468,11.484931506849316
468,469,5.947945205479452
469,470,32.75890410958904
470,471,15.512328767123288
471,472,9.778082191780822
472,473,28.112328767123287
473,474,17.424657534246574
474,475,8.994520547945205
475,476,6.6136986301369864
476,477,27.019178082191782
477,478,2.9397260273972603
478,479,12.424657534246576
479,480,25.6
480,481,65.06575342465754
481,482,10.161643835616438
482,483,17.410958904109588
483,484,3.4876712328767123
484,485,25.61917808219178
485,486,8.512328767123288
486,487,20.846575342465755
487,488,13.002739726027396
488,489,4.66027397260274
489,490,27.958904109589042
490,491,10.095890410958905
491,492,11.4
492,493,6.347945205479452
493,494,33.75342465753425
494,495,9.43013698630137
495,496,21.438356164383563
496,497,1.895890410958904
497,498,26.36986301369863
498,499,12.517808219178082
499,500,3.4794520547945207
500,501,49.53972602739726
501,502,13.443835616438356
502,503,3.9315068493150687
503,504,23.50958904109589
504,505,61.76164383561644
505,506,7.367123287671233
506,507,10.41095890410959
507,508,21.035616438356165
508,509,20.69041095890411
509,510,4.276712328767124
510,511,64.7013698630137
511,512,2.147945205479452
512,513,8.128767123287671
513,514,24.50958904109589
514,515,2.9315068493150687
515,516,19.52054794520548
516,517,18.926027397260274
517,518,4.298630136986302
518,519,1.789041095890411
519,520,6.517808219178082
520,521,18.17808219178082
521,522,4.890410958904109
522,523,4.221917808219178
523,524,62.41095890410959
524,525,13.747945205479452
525,526,7.934246575342466
526,527,7.706849315068493
527,528,10.736986301369862
528,529,9.991780821917809
529,530,12.846575342465753
530,531,65.46575342465754
531,532,2.4465753424657533
532,533,32.79178082191781
533,534,8.7013698630137
534,535,11.487671232876712
535,536,10.498630136986302
536,537,16.627397260273973
537,538,22.783561643835615
538,539,29.824657534246576
539,540,7.898630136986301
540,541,3.4712328767123286
541,542,25.484931506849314
542,543,20.345205479452055
543,544,16.246575342465754
544,545,50.23013698630137
545,546,12.53972602739726
546,547,16.26027397260274
547,548,28.882191780821916
548,549,2.3972602739726026
549,550,13.501369863013698
550,551,16.52054794520548
551,552,4.03013698630137
552,553,15.32054794520548
553,554,26.041095890410958
554,555,17.81095890410959
555,556,86.91780821917808
556,557,5.024657534246575
557,558,5.463013698630137
558,559,3.0465753424657533
559,560,39.43287671232877
560,561,11.446575342465753
561,562,5.558904109589041
562,563,15.09041095890411
563,564,3.4493150684931506
564,565,34.364383561643834
565,566,9.2986301369863
566,567,58.35890410958904
567,568,7.134246575342465
568,569,1.8986301369863015
569,570,32.772602739726025
570,571,16.378082191780823
571,572,15.934246575342465
572,573,9.126027397260273
573,574,17.90684931506849
574,575,2.495890410958904
575,576,28.252054794520546
576,577,28.572602739726026
577,578,2.1123287671232878
578,579,6.7095890410958905
579,580,70.32054794520548
580,581,32.657534246575345
581,582,4.4082191780821915
582,583,11.457534246575342
583,584,23.164383561643834
584,585,31.32054794520548
585,586,2.221917808219178
586,587,3.336986301369863
587,588,2.221917808219178
588,589,60.42191780821918
589,590,21.23013698630137
590,591,19.852054794520548
591,592,15.284931506849315
592,593,10.520547945205479
593,594,5.942465753424657
594,595,23.96986301369863
595,596,6.183561643835616
596,597,36.35890410958904
597,598,12.64109589041096
598,599,12.331506849315069
599,600,6.06027397260274
600,601,32.84931506849315
601,602,3.506849315068493
602,603,17.852054794520548
603,604,19.96986301369863
604,605,41.25479452054795
605,606,4.095890410958904
606,607,4.221917808219178
607,608,7.879452054794521
608,609,12.101369863013698
609,610,22.21095890410959
610,611,31.602739726027398
611,612,2.7835616438356166
612,613,15.101369863013698
613,614,15.147945205479452
614,615,57.84931506849315
615,616,10.41095890410959
616,617,8.43013698630137
617,618,25.73972602739726
618,619,36.608219178082194
619,620,36.26301369863014
620,621,19.482191780821918
621,622,14.361643835616439
622,623,2.452054794520548
623,624,25.753424657534246
624,625,17.794520547945204
625,626,59.18630136986302
626,627,26.041095890410958
627,628,2.9123287671232876
628,629,2.356164383561644
629,630,20.556164383561644
630,631,14.4
631,632,48.40547945205479
632,633,27.638356164383563
633,634,13.715068493150685
634,635,51.06301369863014
635,636,34.961643835616435
636,637,37.62465753424657
637,638,11.084931506849315
638,639,38.12602739726027
639,640,18.528767123287672
640,641,19.5013698630137
641,642,4.4520547945205475
642,643,30.72876712328767
643,644,20.863013698630137
644,645,66.40273972602739
645,646,8.783561643835617
646,647,13.312328767123288
647,648,50.38904109589041
648,649,74.81095890410958
649,650,13.531506849315068
650,651,23.265753424657536
651,652,35.93972602739726
652,653,20.53972602739726
653,654,21.364383561643837
654,655,11.487671232876712
655,656,24.465753424657535
656,657,25.08219178082192
657,658,33.62191780821918
658,659,9.863013698630137
659,660,7.013698630136986
660,661,13.005479452054795
661,662,6.526027397260274
662,663,9.504109589041096
663,664,6.808219178082192
664,665,24.487671232876714
665,666,9.005479452054795
666,667,5.257534246575342
667,668,5.517808219178082
668,669,7.087671232876712
669,670,24.104109589041094
670,671,56.66575342465753
671,672,8.473972602739726
672,673,5.005479452054795
673,674,34.61369863013699
674,675,13.635616438356164
675,676,16.706849315068492
676,677,5.66027397260274
677,678,20.517808219178082
678,679,8.112328767123287
679,680,63.586301369863016
680,681,14.808219178082192
681,682,32.81095890410959
682,683,25.471232876712328
683,684,10.164383561643836
684,685,1.9945205479452055
685,686,64.15616438356165
686,687,2.5726027397260274
687,688,28.515068493150686
688,689,6.120547945205479
689,690,13.832876712328767
690,691,58.19178082191781
691,692,15.531506849315068
692,693,16.473972602739725
693,694,4.4301369863013695
694,695,35.8986301369863
695,696,15.58904109589041
696,697,26.465753424657535
697,698,5.498630136986302
698,699,3.506849315068493
699,700,3.164383561643836
700,701,32.25479452054795
701,702,3.5095890410958903
702,703,19.693150684931506
703,704,19.405479452054795
704,705,12.263013698630138
705,706,64.59178082191781
706,707,40.84931506849315
707,708,5.098630136986301
708,709,4.610958904109589
709,710,58.704109589041096
710,711,7.7753424657534245
711,712,34.23561643835617
712,713,13.076712328767123
713,714,13.594520547945205
714,715,39.37534246575343
715,716,8.821917808219178
716,717,26.02191780821918
717,718,26.92876712328767
718,719,26.942465753424656
719,720,4.512328767123288
720,721,32.635616438356166
721,722,16.164383561643834
722,723,30.336986301369862
723,724,25.523287671232875
724,725,10.002739726027396
725,726,4.010958904109589
726,727,7.019178082191781
727,728,11.791780821917808
728,729,38.75890410958904
729,730,4.989041095890411
730,731,27.84931506849315
731,732,51.221917808219175
732,733,24.802739726027397
733,734,16.96986301369863
734,735,3.0876712328767124
735,736,26.676712328767124
736,737,67.32328767123288
737,738,30.912328767123288
738,739,2.493150684931507
739,740,13.95890410958904
740,741,29.59178082191781
741,742,27.345205479452055
742,743,8.857534246575343
743,744,8.953424657534246
744,745,36.29041095890411
745,746,11.819178082191781
746,747,12.063013698630137
747,748,3.5506849315068494
748,749,6.345205479452055
749,750,19.942465753424656
750,751,13.945205479452055
751,752,11.142465753424657
752,753,20.40821917808219
753,754,38.71506849315068
754,755,19.90958904109589
755,756,38.104109589041094
756,757,25.736986301369864
757,758,10.301369863013699
758,759,3.5287671232876714
759,760,11.542465753424658
760,761,13.528767123287672
761,762,4.868493150684931
762,763,13.005479452054795
763,764,5.734246575342466
764,765,30.04931506849315
765,766,3.2794520547945205
766,767,7.115068493150685
767,768,11.580821917808219
768,769,5.098630136986301
769,770,30.23835616438356
770,771,2.7205479452054795
771,772,9.586301369863014
772,773,21.956164383561642
773,774,18.446575342465753
774,775,9.01095890410959
775,776,7.936986301369863
776,777,10.323287671232876
777,778,2.241095890410959
778,779,2.356164383561644
779,780,11.101369863013698
780,781,2.1452054794520548
781,782,3.1041095890410957
782,783,29.33150684931507
783,784,26.693150684931506
784,785,25.523287671232875
785,786,26.18904109589041
786,787,14.684931506849315
787,788,13.838356164383562
788,789,4.134246575342465
789,790,7.249315068493151
790,791,48.19178082191781
791,792,29.339726027397262
792,793,18.254794520547946
793,794,16.304109589041097
794,795,8.243835616438357
795,796,27.556164383561644
796,797,13.616438356164384
797,798,3.904109589041096
798,799,9.95890410958904
799,800,8.764383561643836
800,801,3.6246575342465754
801,802,2.797260273972603
802,803,8.621917808219179
803,804,45.37534246575343
804,805,16.106849315068494
805,806,7.035616438356165
806,807,18.161643835616438
807,808,7.476712328767123
808,809,5.693150684931507
809,810,2.4164383561643836
810,811,19.84931506849315
811,812,33.5972602739726
812,813,20.4986301369863
813,814,12.405479452054795
814,815,22.60821917808219
815,816,13.479452054794521
816,817,23.087671232876712
817,818,46.64657534246575
818,819,3.241095890410959
819,820,17.315068493150687
820,821,5.531506849315068
821,822,82.53150684931506
822,823,14.419178082191781
823,824,56.989041095890414
824,825,14.956164383561644
825,826,15.098630136986301
826,827,6.1808219178082195
827,828,3.6794520547945204
828,829,15.627397260273973
829,830,10.202739726027398
830,831,42.26849315068493
831,832,10.32054794520548
832,833,13.767123287671232
833,834,16.13150684931507
834,835,7.7095890410958905
835,836,29.035616438356165
836,837,8.838356164383562
837,838,3.8383561643835615
838,839,12.542465753424658
839,840,30.95068493150685
840,841,3.0657534246575344
841,842,12.578082191780823
842,843,18.90958904109589
843,844,5.657534246575342
844,845,88.07397260273973
845,846,28.23835616438356
846,847,2.2246575342465755
847,848,21.34246575342466
848,849,5.7315068493150685
849,850,83.0904109589041
850,851,12.53972602739726
851,852,23.145205479452056
852,853,2.356164383561644
853,854,33.02465753424657
854,855,13.210958904109589
855,856,10.523287671232877
856,857,15.416438356164383
857,858,17.02191780821918
858,859,10.4
859,860,30.49041095890411
860,861,17.32054794520548
861,862,5.942465753424657
862,863,7.841095890410959
863,864,3.504109589041096
864,865,13.509589041095891
865,866,12.353424657534246
866,867,58.775342465753425
867,868,27.326027397260273
868,869,13.789041095890411
869,870,12.942465753424658
870,871,11.526027397260274
871,872,9.306849315068494
872,873,11.561643835616438
873,874,23.432876712328767
874,875,6.156164383561644
875,876,21.87945205479452
876,877,33.32876712328767
877,878,7.457534246575342
878,879,20.92054794520548
879,880,6.038356164383561
880,881,8.082191780821917
881,882,9.035616438356165
882,883,7.263013698630137
883,884,7.134246575342465
884,885,5.2164383561643834
885,886,40.679452054794524
886,887,6.221917808219178
887,888,10.301369863013699
888,889,17.065753424657533
889,890,17.161643835616438
890,891,29.991780821917807
891,892,32.63835616438356
892,893,7.745205479452054
893,894,19.5972602739726
894,895,17.46849315068493
895,896,41.038356164383565
896,897,12.597260273972603
897,898,33.986301369863014
898,899,12.501369863013698
899,900,11.756164383561643
900,901,6.945205479452055
901,902,4.989041095890411
902,903,10.819178082191781
903,904,35.016438356164386
904,905,13.235616438356164
905,906,29.665753424657535
906,907,6.663013698630137
907,908,33.25205479452055
908,909,3.504109589041096
909,910,6.501369863013698
910,911,5.523287671232877
911,912,2.745205479452055
912,913,5.695890410958904
913,914,22.09041095890411
914,915,2.5863013698630137
915,916,6.553424657534246
916,917,19.942465753424656
917,918,25.197260273972603
918,919,3.9095890410958902
919,920,31.602739726027398
920,921,31.353424657534248
921,922,29.438356164383563
922,923,23.95068493150685
923,924,27.838356164383562
924,925,5.328767123287672
925,926,5.002739726027397
926,927,20.057534246575344
927,928,6.043835616438356
928,929,5.693150684931507
929,930,37.69315068493151
930,931,16.01095890410959
931,932,3.8164383561643835
932,933,25.446575342465753
933,934,7.63013698630137
934,935,2.0931506849315067
935,936,31.87123287671233
936,937,3.6986301369863015
937,938,5.980821917808219
938,939,6.4
939,940,87.20547945205479
940,941,12.884931506849314
941,942,4.7972602739726025
942,943,4.928767123287671
943,944,17.698630136986303
944,945,9.775342465753425
945,946,11.101369863013698
946,947,8.26849315068493
947,948,24.372602739726027
948,949,33.83561643835616
949,950,32.92876712328767
950,951,26.578082191780823
951,952,22.838356164383562
952,953,51.6
953,954,6.901369863013699
954,955,3.2986301369863016
955,956,6.824657534246575
956,957,3.756164383561644
957,958,15.205479452054794
958,959,7.63013698630137
959,960,31.257534246575343
960,961,3.5095890410958903
961,962,9.69041095890411
962,963,23.95068493150685
963,964,7.676712328767123
964,965,52.47945205479452
965,966,22.09315068493151
966,967,3.893150684931507
967,968,24.471232876712328
968,969,10.761643835616438
969,970,8.616438356164384
970,971,4.810958904109589
971,972,5.657534246575342
972,973,42.96986301369863
973,974,4.564383561643836
974,975,36.704109589041096
975,976,8.493150684931507
976,977,18.372602739726027
977,978,7.383561643835616
978,979,19.416438356164385
979,980,31.372602739726027
980,981,19.654794520547945
981,982,19.126027397260273
982,983,3.03013698630137
983,984,28.613698630136987
984,985,6.13972602739726
985,986,7.706849315068493
986,987,29.397260273972602
987,988,6.30958904109589
988,989,26.23835616438356
989,990,15.56986301369863
990,991,15.531506849315068
991,992,5.1506849315068495
992,993,83.5068493150685
993,994,34.271232876712325
994,995,28.035616438356165
995,996,14.895890410958904
996,997,2.6246575342465754
997,998,14.457534246575342
998,999,15.873972602739727
999,1000,45.83561643835616
1000,1001,27.92054794520548
1001,1002,4.813698630136987
1002,1003,23.832876712328765
1003,1004,14.536986301369863
1004,1005,5.484931506849315
1005,1006,19.36986301369863
1006,1007,13.054794520547945
1007,1008,8.106849315068493
1008,1009,32.63835616438356
1009,1010,25.232876712328768
1010,1011,3.66027397260274
1011,1012,33.73150684931507
1012,1013,6.46027397260274
1013,1014,25.504109589041096
1014,1015,7.419178082191781
1015,1016,5.36986301369863
1016,1017,12.75068493150685
1017,1018,9.58904109589041
1018,1019,6.465753424657534
1019,1020,2.4136986301369863
1020,1021,24.12876712328767
1021,1022,19.473972602739725
1022,1023,6.671232876712328
1023,1024,35.86027397260274
1024,1025,39.6
1025,1026,5.353424657534247
1026,1027,9.304109589041095
1027,1028,35.36164383561644
1028,1029,21.47945205479452
1029,1030,23.854794520547944
1030,1031,6.7095890410958905
1031,1032,10.723287671232876
1032,1033,14.994520547945205
1033,1034,21.898630136986302
1034,1035,50.912328767123284
1035,1036,4.561643835616438
1036,1037,53.14246575342466
1037,1038,12.284931506849315
1038,1039,2.7835616438356166
1039,1040,6.506849315068493
1040,1041,7.232876712328767
1041,1042,14.035616438356165
1042,1043,14.323287671232876
1043,1044,30.873972602739727
1044,1045,10.775342465753425
1045,1046,31.526027397260275
1046,1047,29.378082191780823
1047,1048,12.884931506849314
1048,1049,12.810958904109588
1049,1050,6.232876712328767
1050,1051,19.616438356164384
1051,1052,28.41917808219178
1052,1053,21.361643835616437
1053,1054,14.783561643835617
1054,1055,9.778082191780822
1055,1056,6.865753424657535
1056,1057,10.263013698630138
1057,1058,7.745205479452054
1058,1059,30.46849315068493
1059,1060,31.72876712328767
1060,1061,31.416438356164385
1061,1062,34.11506849315069
1062,1063,18.753424657534246
1063,1064,13.273972602739725
1064,1065,9.832876712328767
1065,1066,11.775342465753425
1066,1067,14.35068493150685
1067,1068,42.3041095890411
1068,1069,32.12054794520548
1069,1070,21.16986301369863
1070,1071,11.53972602739726
1071,1072,17.682191780821917
1072,1073,18.389041095890413
1073,1074,8.512328767123288
1074,1075,14.898630136986302
1075,1076,10.180821917808219
1076,1077,6.153424657534247
1077,1078,38.62191780821918
1078,1079,7.512328767123288
1079,1080,4.816438356164384
1080,1081,17.23835616438356
1081,1082,32.04383561643836
1082,1083,4.835616438356165
1083,1084,17.104109589041094
1084,1085,12.4
1085,1086,35.608219178082194
1086,1087,30.663013698630138
1087,1088,12.482191780821918
1088,1089,23.413698630136988
1089,1090,3.7945205479452055
1090,1091,4.145205479452055
1091,1092,5.041095890410959
1092,1093,8.402739726027397
1093,1094,47.03013698630137
1094,1095,12.271232876712329
1095,1096,23.339726027397262
1096,1097,19.147945205479452
1097,1098,3.9506849315068493
1098,1099,3.1452054794520548
1099,1100,30.145205479452056
1100,1101,27.24931506849315
1101,1102,31.471232876712328
1102,1103,19.386301369863013
1103,1104,16.213698630136985
1104,1105,3.106849315068493
1105,1106,16.052054794520547
1106,1107,31.723287671232878
1107,1108,5.854794520547945
1108,1109,4.254794520547946
1109,1110,30.364383561643837
1110,1111,24.506849315068493
1111,1112,36.652054794520545
1112,1113,1.8630136986301369
1113,1114,9.498630136986302
1114,1115,7.534246575342466
1115,1116,41.71232876712329
1116,1117,20.843835616438355
1117,1118,17.375342465753423
1118,1119,23.336986301369862
1119,1120,6.443835616438356
1120,1121,31.64109589041096
1121,1122,12.638356164383561
1122,1123,33.80821917808219
1123,1124,5.980821917808219
1124,1125,2.723287671232877
1125,1126,17.947945205479453
1126,1127,6.887671232876713
1127,1128,20.175342465753424
1128,1129,37.43561643835616
1129,1130,25.504109589041096
1130,1131,41.827397260273976
1131,1132,2.665753424657534
1132,1133,14.101369863013698
1133,1134,19.542465753424658
1134,1135,4.832876712328767
1135,1136,24.304109589041097
1136,1137,9.66027397260274
1137,1138,5.271232876712329
1138,1139,25.101369863013698
1139,1140,5.942465753424657
1140,1141,21.243835616438357
1141,1142,7.517808219178082
1142,1143,30.624657534246577
1143,1144,76.27945205479452
1144,1145,4.4
1145,1146,12.372602739726027
1146,1147,25.213698630136985
1147,1148,2.452054794520548
1148,1149,14.87945205479452
1149,1150,6.698630136986301
1150,1151,56.72054794520548
1151,1152,11.72054794520548
1152,1153,41.772602739726025
1153,1154,12.07945205479452
1154,1155,35.64931506849315
1155,1156,8.509589041095891
1156,1157,13.652054794520549
1157,1158,6.424657534246576
1158,1159,5.602739726027397
1159,1160,7.961643835616439
1160,1161,13.002739726027396
1161,1162,91.46575342465754
1162,1163,41.24383561643835
1163,1164,25.317808219178083
1164,1165,25.353424657534248
1165,1166,11.435616438356165
1166,1167,66.10410958904109
1167,1168,2.5095890410958903
1168,1169,12.490410958904109
1169,1170,66.07671232876712
1170,1171,34.33150684931507
1171,1172,6.920547945205479
1172,1173,5.517808219178082
1173,1174,3.7753424657534245
1174,1175,9.515068493150684
1175,1176,10.145205479452056
1176,1177,11.471232876712328
1177,1178,14.63013698630137
1178,1179,48.0958904109589
1179,1180,33.61643835616438
1180,1181,2.663013698630137
1181,1182,11.095890410958905
1182,1183,21.865753424657534
1183,1184,7.016438356164383
1184,1185,4.83013698630137
1185,1186,25.526027397260275
1186,1187,38.46027397260274
1187,1188,50.942465753424656
1188,1189,6.095890410958904
1189,1190,82.52876712328768
1190,1191,34.21917808219178
1191,1192,5.657534246575342
1192,1193,21.23013698630137
1193,1194,16.432876712328767
1194,1195,12.832876712328767
1195,1196,9.013698630136986
1196,1197,20.512328767123286
1197,1198,4.504109589041096
1198,1199,40.26027397260274
1199,1200,8.33972602739726
1200,1201,8.490410958904109
1201,1202,5.3863013698630136
1202,1203,2.1671232876712327
1203,1204,18.90958904109589
1204,1205,31.665753424657535
1205,1206,37.83561643835616
1206,1207,13.326027397260274
1207,1208,31.67945205479452
1208,1209,31.583561643835615
1209,1210,18.542465753424658
1210,1211,7.610958904109589
1211,1212,8.824657534246576
1212,1213,22.742465753424657
1213,1214,16.394520547945206
1214,1215,9.150684931506849
1215,1216,2.8575342465753426
1216,1217,32.58082191780822
1217,1218,18.446575342465753
1218,1219,8.243835616438357
1219,1220,10.882191780821918
1220,1221,2.8958904109589043
1221,1222,40.5013698630137
1222,1223,7.761643835616439
1223,1224,8.575342465753424
1224,1225,1.9753424657534246
1225,1226,4.484931506849315
1226,1227,7.534246575342466
1227,1228,61.21095890410959
1228,1229,11.542465753424658
1229,1230,8.673972602739726
1230,1231,11.504109589041096
1231,1232,13.597260273972603
1232,1233,11.509589041095891
1233,1234,30.45205479452055
1234,1235,13.506849315068493
1235,1236,8.846575342465753
1236,1237,15.438356164383562
1237,1238,35.61095890410959
1238,1239,15.58904109589041
1239,1240,6.868493150684931
1240,1241,6.2684931506849315
1241,1242,32.45479452054794
1242,1243,17.002739726027396
1243,1244,5.463013698630137
1244,1245,16.457534246575342
1245,1246,82.38356164383562
1246,1247,3.315068493150685
1247,1248,11.934246575342465
1248,1249,13.364383561643836
1249,1250,10.835616438356164
1250,1251,17.67945205479452
1251,1252,29.438356164383563
1252,1253,24.161643835616438
1253,1254,21.936986301369863
1254,1255,8.441095890410958
1255,1256,43.58082191780822
1256,1257,15.953424657534246
1257,1258,29.512328767123286
1258,1259,26.884931506849316
1259,1260,25.465753424657535
1260,1261,7.304109589041096
1261,1262,6.465753424657534
1262,1263,25.350684931506848
1263,1264,7.920547945205479
1264,1265,9.893150684931507
1265,1266,5.038356164383561
1266,1267,18.693150684931506
1267,1268,9.202739726027398
1268,1269,20.767123287671232
1269,1270,76.37808219178082
1270,1271,7.021917808219178
1271,1272,18.50958904109589
1272,1273,54.512328767123286
1273,1274,17.71780821917808
1274,1275,34.88219178082192
1275,1276,41.67123287671233
1276,1277,10.964383561643835
1277,1278,31.621917808219177
1278,1279,29.397260273972602
1279,1280,3.5095890410958903
1280,1281,2.334246575342466
1281,1282,12.098630136986301
1282,1283,49.26849315068493
1283,1284,5.3863013698630136
1284,1285,26.926027397260274
1285,1286,28.764383561643836
1286,1287,35.29041095890411
1287,1288,86.79178082191781
1288,1289,45.775342465753425
1289,1290,65.0
1290,1291,32.6958904109589
1291,1292,34.26849315068493
1292,1293,21.13150684931507
1293,1294,11.12054794520548
1294,1295,40.413698630136984
1295,1296,36.01917808219178
1296,1297,18.235616438356164
1297,1298,25.13972602739726
1298,1299,21.15068493150685
1299,1300,4.906849315068493
1300,1301,6.117808219178082
1301,1302,11.169863013698631
1302,1303,38.33972602739726
1303,1304,79.38630136986302
1304,1305,2.706849315068493
1305,1306,10.528767123287672
1306,1307,17.698630136986303
1307,1308,7.706849315068493
1308,1309,17.621917808219177
1309,1310,4.4520547945205475
1310,1311,9.167123287671233
1311,1312,52.21917808219178
1312,1313,15.895890410958904
1313,1314,5.0849315068493155
1314,1315,2.282191780821918
1315,1316,38.47123287671233
1316,1317,34.0
1317,1318,4.336986301369863
1318,1319,38.6986301369863
1319,1320,12.53972602739726
1320,1321,3.8
1321,1322,14.271232876712329
1322,1323,11.821917808219178
1323,1324,24.39178082191781
1324,1325,10.819178082191781
1325,1326,10.506849315068493
1326,1327,13.46027397260274
1327,1328,8.098630136986301
1328,1329,28.87945205479452
1329,1330,27.964383561643835
1330,1331,37.16438356164384
1331,1332,6.536986301369863
1332,1333,9.73972602739726
1333,1334,13.498630136986302
1334,1335,8.172602739726027
1335,1336,11.38082191780822
1336,1337,43.43561643835616
1337,1338,19.515068493150686
1338,1339,10.523287671232877
1339,1340,6.942465753424657
1340,1341,16.394520547945206
1341,1342,7.1068493150684935
1342,1343,3.5095890410958903
1343,1344,31.104109589041094
1344,1345,21.457534246575342
1345,1346,5.221917808219178
1346,1347,63.989041095890414
1347,1348,7.693150684931507
1348,1349,41.67123287671233
1349,1350,7.4
1350,1351,51.33424657534247
1351,1352,12.597260273972603
1352,1353,22.18904109589041
1353,1354,8.312328767123288
1354,1355,1.7068493150684931
1355,1356,13.276712328767124
1356,1357,3.356164383561644
1357,1358,45.38904109589041
1358,1359,38.276712328767125
1359,1360,5.528767123287671
1360,1361,6.832876712328767
1361,1362,93.21369863013699
1362,1363,9.931506849315069
1363,1364,38.04657534246575
1364,1365,9.356164383561644
1365,1366,5.627397260273972
1366,1367,4.161643835616438
1367,1368,63.41917808219178
1368,1369,19.046575342465754
1369,1370,7.597260273972603
1370,1371,10.506849315068493
1371,1372,14.145205479452056
1372,1373,52.90684931506849
1373,1374,6.8273972602739725
1374,1375,22.24931506849315
1375,1376,11.032876712328767
1376,1377,2.1452054794520548
1377,1378,17.621917808219177
1378,1379,12.386301369863014
1379,1380,11.468493150684932
1380,1381,3.106849315068493
1381,1382,59.961643835616435
1382,1383,9.506849315068493
1383,1384,22.10958904109589
1384,1385,16.03013698630137
1385,1386,8.09041095890411
1386,1387,12.515068493150684
1387,1388,7.405479452054794
1388,1389,12.945205479452055
1389,1390,22.416438356164385
1390,1391,18.887671232876713
1391,1392,6.4301369863013695
1392,1393,6.367123287671233
1393,1394,4.66027397260274
1394,1395,3.8219178082191783
1395,1396,13.632876712328768
1396,1397,11.772602739726027
1397,1398,21.473972602739725
1398,1399,22.59178082191781
1399,1400,2.83013698630137
1400,1401,2.4164383561643836
1401,1402,18.257534246575343
1402,1403,2.9315068493150687
1403,1404,10.608219178082193
1404,1405,14.46027397260274
1405,1406,5.501369863013698
1406,1407,3.0684931506849313
1407,1408,20.257534246575343
1408,1409,17.43013698630137
1409,1410,3.5671232876712327
1410,1411,2.2986301369863016
1411,1412,6.002739726027397
1412,1413,3.010958904109589
1413,1414,27.5972602739726
1414,1415,18.08219178082192
1415,1416,7.441095890410959
1416,1417,26.923287671232877
1417,1418,25.698630136986303
1418,1419,37.586301369863016
1419,1420,9.528767123287672
1420,1421,11.863013698630137
1421,1422,3.282191780821918
1422,1423,5.219178082191781
1423,1424,7.495890410958904
1424,1425,33.76986301369863
1425,1426,12.717808219178082
1426,1427,18.756164383561643
1427,1428,6.219178082191781
1428,1429,7.863013698630137
1429,1430,8.38082191780822
1430,1431,13.753424657534246
1431,1432,9.758904109589041
1432,1433,9.643835616438356
1433,1434,29.665753424657535
1434,1435,8.895890410958904
1435,1436,4.219178082191781
1436,1437,14.30958904109589
1437,1438,8.832876712328767
1438,1439,28.86027397260274
1439,1440,16.126027397260273
1440,1441,32.73424657534247
1441,1442,2.6465753424657534
1442,1443,1.9917808219178081
1443,1444,34.057534246575344
1444,1445,8.013698630136986
1445,1446,4.652054794520548
1446,1447,30.610958904109587
1447,1448,48.75342465753425
1448,1449,8.246575342465754
1449,1450,26.942465753424656
1450,1451,9.912328767123288
1451,1452,11.64931506849315
1452,1453,35.28767123287671
1453,1454,4.090410958904109
1454,1455,13.312328767123288
1455,1456,28.2
1456,1457,53.224657534246575
1457,1458,4.427397260273972
1458,1459,15.780821917808218
1459,1460,8.378082191780821
1460,1461,14.246575342465754
1461,1462,23.528767123287672
1462,1463,8.693150684931506
1463,1464,14.169863013698631
1464,1465,11.235616438356164
1465,1466,14.72054794520548
1466,1467,6.156164383561644
1467,1468,28.33150684931507
1468,1469,65.72602739726028
1469,1470,36.26301369863014
1470,1471,14.23013698630137
1471,1472,49.50410958904109
1472,1473,25.676712328767124
1473,1474,4.449315068493151
1474,1475,26.545205479452054
1475,1476,26.616438356164384
1476,1477,11.427397260273972
1477,1478,9.117808219178082
1478,1479,8.0
1479,1480,5.715068493150685
1480,1481,68.56986301369864
1481,1482,10.89041095890411
1482,1483,12.610958904109589
1483,1484,4.158904109589041
1484,1485,5.347945205479452
1485,1486,20.421917808219177
1486,1487,26.5972602739726
1487,1488,39.00547945205479
1488,1489,9.052054794520547
1489,1490,30.528767123287672
1490,1491,2.010958904109589
1491,1492,3.852054794520548
1492,1493,8.147945205479452
1493,1494,15.934246575342465
1494,1495,6.605479452054794
1495,1496,22.12876712328767
1496,1497,8.021917808219179
1497,1498,9.843835616438357
1498,1499,6.504109589041096
1499,1500,8.457534246575342
1500,1501,16.624657534246577
1501,1502,29.263013698630136
1502,1503,7.054794520547945
1503,1504,31.947945205479453
1504,1505,7.4
1505,1506,3.106849315068493
1506,1507,15.378082191780821
1507,1508,17.545205479452054
1508,1509,22.07123287671233
1509,1510,3.717808219178082
1510,1511,21.958904109589042
1511,1512,23.386301369863013
1512,1513,3.2986301369863016
1513,1514,19.117808219178084
1514,1515,3.56986301369863
1515,1516,12.04109589041096
1516,1517,9.526027397260274
1517,1518,35.035616438356165
1518,1519,28.476712328767125
1519,1520,2.356164383561644
1520,1521,36.632876712328766
1521,1522,5.791780821917809
1522,1523,2.473972602739726
1523,1524,13.002739726027396
1524,1525,3.663013698630137
1525,1526,48.04109589041096
1526,1527,16.956164383561642
1527,1528,24.95068493150685
1528,1529,5.1808219178082195
1529,1530,17.852054794520548
1530,1531,29.10958904109589
1531,1532,8.169863013698631
1532,1533,8.038356164383561
1533,1534,30.589041095890412
1534,1535,10.224657534246575
1535,1536,15.687671232876712
1536,1537,3.410958904109589
1537,1538,9.115068493150686
1538,1539,7.578082191780822
1539,1540,7.726027397260274
1540,1541,3.9095890410958902
1541,1542,4.7753424657534245
1542,1543,21.964383561643835
1543,1544,27.805479452054794
1544,1545,2.893150684931507
1545,1546,10.189041095890412
1546,1547,5.994520547945205
1547,1548,15.30958904109589
1548,1549,12.405479452054795
1549,1550,3.0027397260273974
1550,1551,4.756164383561644
1551,1552,6.057534246575343
1552,1553,25.317808219178083
1553,1554,7.438356164383562
1554,1555,35.61095890410959
1555,1556,12.558904109589042
1556,1557,23.073972602739726
1557,1558,13.394520547945206
1558,1559,5.657534246575342
1559,1560,8.438356164383562
1560,1561,35.99452054794521
1561,1562,31.123287671232877
1562,1563,5.46027397260274
1563,1564,20.153424657534245
1564,1565,5.986301369863014
1565,1566,3.2575342465753425
1566,1567,8.487671232876712
1567,1568,11.810958904109588
1568,1569,19.545205479452054
1569,1570,30.838356164383562
1570,1571,63.71780821917808
1571,1572,10.871232876712329
1572,1573,10.221917808219178
1573,1574,12.775342465753425
1574,1575,2.0684931506849313
1575,1576,28.4
1576,1577,15.545205479452054
1577,1578,43.843835616438355
1578,1579,8.983561643835616
1579,1580,10.186301369863013
1580,1581,67.25479452054795
1581,1582,15.816438356164383
1582,1583,20.0
1583,1584,32.35068493150685
1584,1585,10.104109589041096
1585,1586,13.520547945205479
1586,1587,6.424657534246576
1587,1588,28.136986301369863
1588,1589,3.0273972602739727
1589,1590,1.7616438356164383
1590,1591,5.698630136986301
1591,1592,28.613698630136987
1592,1593,73.27945205479452
1593,1594,13.597260273972603
1594,1595,10.43013698630137
1595,1596,5.484931506849315
1596,1597,24.104109589041094
1597,1598,17.276712328767122
1598,1599,9.882191780821918
1599,1600,13.73150684931507
1600,1601,15.128767123287671
1601,1602,4.4520547945205475
1602,1603,26.34794520547945
1603,1604,9.991780821917809
1604,1605,36.032876712328765
1605,1606,5.178082191780822
1606,1607,3.824657534246575
1607,1608,2.010958904109589
1608,1609,26.827397260273973
1609,1610,20.767123287671232
1610,1611,18.964383561643835
1611,1612,20.613698630136987
1612,1613,25.46849315068493
1613,1614,16.068493150684933
1614,1615,19.386301369863013
1615,1616,9.610958904109589
1616,1617,34.3041095890411
1617,1618,14.832876712328767
1618,1619,21.073972602739726
1619,1620,18.23835616438356
1620,1621,23.7013698630137
1621,1622,75.91232876712328
1622,1623,17.643835616438356
1623,1624,63.893150684931506
1624,1625,21.72876712328767
1625,1626,10.564383561643835
1626,1627,7.035616438356165
1627,1628,36.013698630136986
1628,1629,47.46027397260274
1629,1630,19.797260273972604
1630,1631,1.7287671232876711
1631,1632,11.101369863013698
1632,1633,8.210958904109589
1633,1634,19.671232876712327
1634,1635,39.772602739726025
1635,1636,26.175342465753424
1636,1637,6.495890410958904
1637,1638,19.884931506849316
1638,1639,11.123287671232877
1639,1640,29.895890410958906
1640,1641,5.673972602739726
1641,1642,32.794520547945204
1642,1643,21.268493150684932
1643,1644,3.5123287671232877
1644,1645,7.457534246575342
1645,1646,22.416438356164385
1646,1647,25.643835616438356
1647,1648,7.608219178082192
1648,1649,21.783561643835615
1649,1650,13.498630136986302
1650,1651,68.32054794520548
1651,1652,23.104109589041094
1652,1653,21.117808219178084
1653,1654,14.917808219178083
1654,1655,6.328767123287672
1655,1656,41.74794520547945
1656,1657,5.597260273972603
1657,1658,5.079452054794521
1658,1659,11.726027397260275
1659,1660,36.35890410958904
1660,1661,59.657534246575345
1661,1662,37.25479452054795
1662,1663,51.536986301369865
1663,1664,33.673972602739724
1664,1665,18.410958904109588
1665,1666,29.8
1666,1667,24.476712328767125
1667,1668,69.51232876712328
1668,1669,24.517808219178082
1669,1670,6.504109589041096
1670,1671,8.454794520547946
1671,1672,22.876712328767123
1672,1673,8.342465753424657
1673,1674,10.665753424657535
1674,1675,17.44931506849315
1675,1676,29.52054794520548
1676,1677,18.583561643835615
1677,1678,3.6054794520547944
1678,1679,5.197260273972603
1679,1680,19.67945205479452
1680,1681,21.63013698630137
1681,1682,23.24109589041096
1682,1683,18.145205479452056
1683,1684,33.98082191780822
1684,1685,5.043835616438356
1685,1686,21.34246575342466
1686,1687,70.52602739726028
1687,1688,25.583561643835615
1688,1689,9.98904109589041
1689,1690,46.52876712328767
1690,1691,4.526027397260274
1691,1692,22.953424657534246
1692,1693,37.64383561643836
1693,1694,22.96712328767123
1694,1695,2.7205479452054795
1695,1696,1.7095890410958905
1696,1697,29.076712328767123
1697,1698,27.134246575342466
1698,1699,7.23013698630137
1699,1700,11.92876712328767
1700,1701,26.21917808219178
1701,1702,5.468493150684932
1702,1703,31.21917808219178
1703,1704,8.405479452054795
1704,1705,8.013698630136986
1705,1706,33.25205479452055
1706,1707,59.964383561643835
1707,1708,16.164383561643834
1708,1709,8.243835616438357
1709,1710,13.843835616438357
1710,1711,32.26575342465753
1711,1712,4.504109589041096
1712,1713,13.476712328767123
1713,1714,16.126027397260273
1714,1715,36.28219178082192
1715,1716,1.673972602739726
1716,1717,9.98904109589041
1717,1718,5.120547945205479
1718,1719,7.956164383561644
1719,1720,6.498630136986302
1720,1721,33.75068493150685
1721,1722,17.89041095890411
1722,1723,8.169863013698631
1723,1724,3.6082191780821917
1724,1725,44.33150684931507
1725,1726,15.70958904109589
1726,1727,27.93972602739726
1727,1728,9.531506849315068
1728,1729,7.512328767123288
1729,1730,20.572602739726026
1730,1731,2.147945205479452
1731,1732,19.07945205479452
1732,1733,5.501369863013698
1733,1734,8.934246575342465
1734,1735,28.82191780821918
1735,1736,25.77260273972603
1736,1737,2.9506849315068493
1737,1738,14.509589041095891
1738,1739,26.29041095890411
1739,1740,21.246575342465754
1740,1741,39.63835616438356
1741,1742,17.852054794520548
1742,1743,21.572602739726026
1743,1744,25.81095890410959
1744,1745,4.432876712328767
1745,1746,34.4027397260274
1746,1747,13.7013698630137
1747,1748,7.594520547945206
1748,1749,10.602739726027398
1749,1750,3.8383561643835615
1750,1751,25.624657534246577
1751,1752,15.134246575342466
1752,1753,24.71780821917808
1753,1754,8.841095890410958
1754,1755,23.473972602739725
1755,1756,11.561643835616438
1756,1757,2.589041095890411
1757,1758,13.063013698630137
1758,1759,23.45205479452055
1759,1760,6.6
1760,1761,90.92602739726027
1761,1762,3.9534246575342467
1762,1763,45.12602739726027
1763,1764,98.13972602739726
1764,1765,61.41917808219178
1765,1766,9.473972602739726
1766,1767,17.67945205479452
1767,1768,29.186301369863013
1768,1769,10.180821917808219
1769,1770,12.605479452054794
1770,1771,23.394520547945206
1771,1772,8.210958904109589
1772,1773,23.26027397260274
1773,1774,2.6876712328767125
1774,1775,17.410958904109588
1775,1776,5.473972602739726
1776,1777,20.80821917808219
1777,1778,16.53972602739726
1778,1779,4.964383561643835
1779,1780,26.101369863013698
1780,1781,18.832876712328765
1781,1782,9.076712328767123
1782,1783,2.4
1783,1784,2.0383561643835617
1784,1785,25.254794520547946
1785,1786,10.32054794520548
1786,1787,19.923287671232877
1787,1788,12.865753424657534
1788,1789,39.83013698630137
1789,1790,55.93150684931507
1790,1791,38.016438356164386
1791,1792,5.3863013698630136
1792,1793,23.778082191780822
1793,1794,18.682191780821917
1794,1795,7.994520547945205
1795,1796,3.819178082191781
1796,1797,5.427397260273972
1797,1798,3.956164383561644
1798,1799,35.8027397260274
1799,1800,9.490410958904109
1800,1801,20.21095890410959
1801,1802,20.312328767123287
1802,1803,13.901369863013699
1803,1804,12.013698630136986
1804,1805,71.11506849315069
1805,1806,28.610958904109587
1806,1807,7.457534246575342
1807,1808,11.136986301369863
1808,1809,16.4027397260274
1809,1810,12.638356164383561
1810,1811,6.432876712328767
1811,1812,15.70958904109589
1812,1813,33.443835616438356
1813,1814,11.126027397260273
1814,1815,24.465753424657535
1815,1816,18.221917808219178
1816,1817,6.747945205479452
1817,1818,15.843835616438357
1818,1819,16.84109589041096
1819,1820,16.53972602739726
1820,1821,12.123287671232877
1821,1822,16.931506849315067
1822,1823,32.36986301369863
1823,1824,11.457534246575342
1824,1825,54.93972602739726
1825,1826,29.186301369863013
1826,1827,28.786301369863015
1827,1828,13.345205479452055
1828,1829,16.912328767123288
1829,1830,12.098630136986301
1830,1831,19.635616438356163
1831,1832,8.153424657534247
1832,1833,46.443835616438356
1833,1834,3.6082191780821917
1834,1835,25.512328767123286
1835,1836,30.7013698630137
1836,1837,10.509589041095891
1837,1838,14.156164383561643
1838,1839,10.375342465753425
1839,1840,13.115068493150686
1840,1841,5.068493150684931
1841,1842,9.567123287671233
1842,1843,35.26575342465753
1843,1844,19.964383561643835
1844,1845,13.556164383561644
1845,1846,29.91780821917808
1846,1847,10.326027397260274
1847,1848,23.50958904109589
1848,1849,54.36164383561644
1849,1850,9.95068493150685
1850,1851,13.191780821917808
1851,1852,18.493150684931507
1852,1853,16.394520547945206
1853,1854,31.32054794520548
1854,1855,2.317808219178082
1855,1856,11.463013698630137
1856,1857,8.263013698630138
1857,1858,18.545205479452054
1858,1859,13.846575342465753
1859,1860,6.712328767123288
1860,1861,37.912328767123284
1861,1862,4.986301369863014
1862,1863,13.734246575342466
1863,1864,12.367123287671232
1864,1865,14.98082191780822
1865,1866,2.6301369863013697
1866,1867,1.7698630136986302
1867,1868,28.898630136986302
1868,1869,3.4547945205479453
1869,1870,49.057534246575344
1870,1871,27.882191780821916
1871,1872,29.764383561643836
1872,1873,31.123287671232877
1873,1874,5.463013698630137
1874,1875,12.205479452054794
1875,1876,15.33972602739726
1876,1877,15.531506849315068
1877,1878,4.50958904109589
1878,1879,5.0849315068493155
1879,1880,5.254794520547946
1880,1881,12.813698630136987
1881,1882,29.12876712328767
1882,1883,44.032876712328765
1883,1884,5.517808219178082
1884,1885,15.520547945205479
1885,1886,21.389041095890413
1886,1887,7.835616438356165
1887,1888,3.4493150684931506
1888,1889,67.64657534246575
1889,1890,10.64109589041096
1890,1891,5.005479452054795
1891,1892,31.39178082191781
1892,1893,9.528767123287672
1893,1894,47.035616438356165
1894,1895,34.057534246575344
1895,1896,60.632876712328766
1896,1897,10.96986301369863
1897,1898,13.498630136986302
1898,1899,29.12876712328767
1899,1900,13.306849315068494
1900,1901,11.063013698630137
1901,1902,17.526027397260275
1902,1903,10.73972602739726
1903,1904,8.263013698630138
1904,1905,31.794520547945204
1905,1906,27.9013698630137
1906,1907,4.945205479452055
1907,1908,9.167123287671233
1908,1909,33.827397260273976
1909,1910,22.12876712328767
1910,1911,11.282191780821918
1911,1912,7.956164383561644
1912,1913,8.402739726027397
1913,1914,14.64931506849315
1914,1915,16.068493150684933
1915,1916,6.342465753424658
1916,1917,21.232876712328768
1917,1918,93.54246575342466
1918,1919,7.898630136986301
1919,1920,13.145205479452056
1920,1921,4.123287671232877
1921,1922,5.2
1922,1923,55.723287671232875
1923,1924,13.33972602739726
1924,1925,10.843835616438357
1925,1926,26.846575342465755
1926,1927,37.74794520547945
1927,1928,8.454794520547946
1928,1929,13.095890410958905
1929,1930,5.512328767123288
1930,1931,19.67945205479452
1931,1932,23.624657534246577
1932,1933,6.580821917808219
1933,1934,11.76986301369863
1934,1935,18.887671232876713
1935,1936,4.816438356164384
1936,1937,21.115068493150684
1937,1938,27.786301369863015
1938,1939,10.506849315068493
1939,1940,34.345205479452055
1940,1941,23.624657534246577
1941,1942,3.736986301369863
1942,1943,12.884931506849314
1943,1944,14.942465753424658
1944,1945,38.00821917808219
1945,1946,13.978082191780821
1946,1947,5.8273972602739725
1947,1948,9.454794520547946
1948,1949,13.01917808219178
1949,1950,2.5013698630136987
1950,1951,10.416438356164383
1951,1952,17.564383561643837
1952,1953,7.0849315068493155
1953,1954,38.74246575342466
1954,1955,24.89041095890411
1955,1956,26.27123287671233
1956,1957,75.84657534246575
1957,1958,28.421917808219177
1958,1959,24.213698630136985
1959,1960,6.717808219178083
1960,1961,19.252054794520546
1961,1962,8.87945205479452
1962,1963,13.172602739726027
1963,1964,30.24931506849315
1964,1965,16.83013698630137
1965,1966,33.347945205479455
1966,1967,6.093150684931507
1967,1968,34.26849315068493
1968,1969,7.095890410958904
1969,1970,5.558904109589041
1970,1971,4.523287671232877
1971,1972,34.42191780821918
1972,1973,5.6438356164383565
1973,1974,36.12876712328767
1974,1975,39.83287671232877
1975,1976,7.257534246575342
1976,1977,3.1342465753424658
1977,1978,9.413698630136986
1978,1979,18.567123287671233
1979,1980,10.257534246575343
1980,1981,7.504109589041096
1981,1982,25.484931506849314
1982,1983,38.298630136986304
1983,1984,25.213698630136985
1984,1985,10.265753424657534
1985,1986,4.142465753424657
1986,1987,8.764383561643836
1987,1988,15.304109589041095
1988,1989,30.586301369863012
1989,1990,13.70958904109589
1990,1991,30.413698630136988
1991,1992,21.38082191780822
1992,1993,8.167123287671233
1993,1994,4.589041095890411
1994,1995,22.493150684931507
1995,1996,3.8575342465753426
1996,1997,3.1671232876712327
1997,1998,21.63013698630137
1998,1999,15.53972602739726
1999,2000,21.054794520547944
2000,2001,41.134246575342466
2001,2002,28.136986301369863
2002,2003,17.71232876712329
2003,2004,20.93972602739726
2004,2005,11.580821917808219
2005,2006,16.279452054794522
2006,2007,23.24109589041096
2007,2008,85.2027397260274
2008,2009,11.778082191780822
2009,2010,16.627397260273973
2010,2011,29.589041095890412
2011,2012,29.78082191780822
2012,2013,17.704109589041096
2013,2014,20.96986301369863
2014,2015,5.219178082191781
2015,2016,9.0
2016,2017,24.487671232876714
2017,2018,6.473972602739726
2018,2019,4.624657534246575
2019,2020,11.7013698630137
2020,2021,11.465753424657533
2021,2022,2.3945205479452056
2022,2023,7.16986301369863
2023,2024,15.531506849315068
2024,2025,9.915068493150685
2025,2026,3.4328767123287673
2026,2027,33.558904109589044
2027,2028,11.465753424657533
2028,2029,38.35342465753425
2029,2030,28.361643835616437
2030,2031,43.61095890410959
2031,2032,80.79178082191781
2032,2033,86.25205479452055
2033,2034,13.134246575342466
2034,2035,22.704109589041096
2035,2036,13.254794520547945
2036,2037,23.720547945205478
2037,2038,6.865753424657535
2038,2039,31.279452054794522
2039,2040,16.457534246575342
2040,2041,11.523287671232877
2041,2042,2.9095890410958902
2042,2043,8.515068493150684
2043,2044,10.123287671232877
2044,2045,7.389041095890411
2045,2046,17.046575342465754
2046,2047,75.01643835616439
2047,2048,7.879452054794521
2048,2049,36.33972602739726
2049,2050,21.326027397260273
2050,2051,40.12054794520548
2051,2052,28.246575342465754
2052,2053,3.663013698630137
2053,2054,20.306849315068494
2054,2055,76.25479452054795
2055,2056,11.317808219178081
2056,2057,13.673972602739726
2057,2058,19.446575342465753
2058,2059,5.624657534246575
2059,2060,5.424657534246576
2060,2061,11.147945205479452
2061,2062,19.12054794520548
2062,2063,14.64931506849315
2063,2064,8.09041095890411
2064,2065,4.36986301369863
2065,2066,4.219178082191781
2066,2067,18.753424657534246
2067,2068,9.394520547945206
2068,2069,34.26575342465753
2069,2070,13.904109589041095
2070,2071,55.202739726027396
2071,2072,30.01095890410959
2072,2073,4.416438356164384
2073,2074,12.501369863013698
2074,2075,11.90958904109589
2075,2076,6.016438356164383
2076,2077,9.605479452054794
2077,2078,27.53698630136986
2078,2079,32.04383561643836
2079,2080,2.4164383561643836
2080,2081,15.515068493150684
2081,2082,30.09041095890411
2082,2083,16.624657534246577
2083,2084,11.123287671232877
2084,2085,33.07945205479452
2085,2086,38.50684931506849
2086,2087,13.32876712328767
2087,2088,5.515068493150685
2088,2089,70.26027397260273
2089,2090,18.013698630136986
2090,2091,25.446575342465753
2091,2092,7.021917808219178
2092,2093,25.523287671232875
2093,2094,11.90958904109589
2094,2095,7.528767123287671
2095,2096,10.04109589041096
2096,2097,22.665753424657535
2097,2098,15.69041095890411
2098,2099,54.57260273972603
2099,2100,38.87123287671233
2100,2101,6.2
2101,2102,7.668493150684932
2102,2103,2.5506849315068494
2103,2104,25.12054794520548
2104,2105,20.134246575342466
2105,2106,12.523287671232877
2106,2107,80.01917808219179
2107,2108,11.523287671232877
2108,2109,14.0
2109,2110,33.85205479452055
2110,2111,9.04931506849315
2111,2112,19.35890410958904
2112,2113,25.567123287671233
2113,2114,42.75068493150685
2114,2115,6.482191780821918
2115,2116,22.742465753424657
2116,2117,23.03013698630137
2117,2118,17.465753424657535
2118,2119,16.52054794520548
2119,2120,29.186301369863013
2120,2121,58.40547945205479
2121,2122,5.986301369863014
2122,2123,4.517808219178082
2123,2124,13.832876712328767
2124,2125,2.684931506849315
2125,2126,21.764383561643836
2126,2127,1.9013698630136986
2127,2128,17.704109589041096
2128,2129,30.605479452054794
2129,2130,5.52054794520548
2130,2131,5.926027397260274
2131,2132,16.893150684931506
2132,2133,11.317808219178081
2133,2134,8.284931506849315
2134,2135,14.865753424657534
2135,2136,7.838356164383562
2136,2137,30.03287671232877
2137,2138,10.046575342465754
2138,2139,46.73698630136986
2139,2140,6.175342465753425
2140,2141,12.386301369863014
2141,2142,3.4904109589041097
2142,2143,58.36164383561644
2143,2144,6.041095890410959
2144,2145,23.04931506849315
2145,2146,30.706849315068492
2146,2147,6.750684931506849
2147,2148,50.71780821917808
2148,2149,11.043835616438356
2149,2150,13.136986301369863
2150,2151,12.427397260273972
2151,2152,24.32054794520548
2152,2153,12.06027397260274
2153,2154,39.391780821917806
2154,2155,10.490410958904109
2155,2156,23.397260273972602
2156,2157,15.991780821917809
2157,2158,32.58082191780822
2158,2159,14.265753424657534
2159,2160,16.934246575342467
2160,2161,3.452054794520548
2161,2162,34.78904109589041
2162,2163,24.186301369863013
2163,2164,25.213698630136985
2164,2165,3.221917808219178
2165,2166,4.416438356164384
2166,2167,22.627397260273973
2167,2168,5.810958904109589
2168,2169,3.5835616438356164
2169,2170,65.9013698630137
2170,2171,3.4328767123287673
2171,2172,11.561643835616438
2172,2173,32.320547945205476
2173,2174,5.989041095890411
2174,2175,22.5972602739726
2175,2176,31.621917808219177
2176,2177,16.835616438356166
2177,2178,17.084931506849315
2178,2179,15.528767123287672
2179,2180,17.410958904109588
2180,2181,15.443835616438356
2181,2182,33.00547945205479
2182,2183,17.084931506849315
2183,2184,26.923287671232877
2184,2185,5.983561643835617
2185,2186,26.443835616438356
2186,2187,14.501369863013698
2187,2188,19.843835616438355
2188,2189,21.13150684931507
2189,2190,64.20547945205479
2190,2191,80.18356164383562
2191,2192,8.873972602739727
2192,2193,3.2356164383561645
2193,2194,14.915068493150685
2194,2195,2.8383561643835615
2195,2196,30.54794520547945
2196,2197,17.167123287671235
2197,2198,54.443835616438356
2198,2199,4.564383561643836
2199,2200,13.0
2200,2201,26.75068493150685
2201,2202,6.136986301369863
2202,2203,2.473972602739726
2203,2204,9.586301369863014
2204,2205,9.394520547945206
2205,2206,15.175342465753424
2206,2207,20.517808219178082
2207,2208,28.802739726027397
2208,2209,28.572602739726026
2209,2210,11.827397260273973
2210,2211,12.967123287671233
2211,2212,48.273972602739725
2212,2213,6.923287671232877
2213,2214,19.915068493150685
2214,2215,12.271232876712329
2215,2216,8.452054794520548
2216,2217,3.2054794520547945
2217,2218,4.912328767123288
2218,2219,12.810958904109588
2219,2220,9.838356164383562
2220,2221,9.087671232876712
2221,2222,10.608219178082193
2222,2223,40.29041095890411
2223,2224,20.134246575342466
2224,2225,63.52328767123288
2225,2226,71.31780821917809
2226,2227,2.219178082191781
2227,2228,9.953424657534246
2228,2229,16.55068493150685
2229,2230,32.657534246575345
2230,2231,73.76438356164384
2231,2232,10.605479452054794
2232,2233,24.123287671232877
2233,2234,9.04931506849315
2234,2235,8.838356164383562
2235,2236,34.26849315068493
2236,2237,8.438356164383562
2237,2238,25.81095890410959
2238,2239,29.10958904109589
2239,2240,5.238356164383561
2240,2241,8.745205479452055
2241,2242,51.88493150684931
2242,2243,6.235616438356164
2243,2244,29.512328767123286
2244,2245,13.389041095890411
2245,2246,14.936986301369863
2246,2247,2.643835616438356
2247,2248,8.536986301369863
2248,2249,17.008219178082193
2249,2250,11.219178082191782
2250,2251,3.835616438356164
2251,2252,7.53972602739726
2252,2253,13.92054794520548
2253,2254,11.542465753424658
2254,2255,11.183561643835617
2255,2256,19.904109589041095
2256,2257,27.389041095890413
2257,2258,13.46027397260274
2258,2259,23.720547945205478
2259,2260,10.583561643835617
2260,2261,9.764383561643836
2261,2262,30.087671232876712
2262,2263,6.153424657534247
2263,2264,6.079452054794521
2264,2265,30.279452054794522
2265,2266,23.482191780821918
2266,2267,18.254794520547946
2267,2268,10.076712328767123
2268,2269,11.421917808219177
2269,2270,17.602739726027398
2270,2271,45.47671232876712
2271,2272,14.7013698630137
2272,2273,10.150684931506849
2273,2274,26.96164383561644
2274,2275,3.032876712328767
2275,2276,11.835616438356164
2276,2277,5.0849315068493155
2277,2278,2.419178082191781
2278,2279,16.589041095890412
2279,2280,12.084931506849315
2280,2281,7.383561643835616
2281,2282,20.93972602739726
2282,2283,33.654794520547945
2283,2284,6.6
2284,2285,12.632876712328768
2285,2286,11.383561643835616
2286,2287,7.367123287671233
2287,2288,3.8328767123287673
2288,2289,2.4547945205479453
2289,2290,24.44931506849315
2290,2291,16.068493150684933
2291,2292,21.59178082191781
2292,2293,9.432876712328767
2293,2294,1.8794520547945206
2294,2295,29.934246575342467
2295,2296,11.024657534246575
2296,2297,5.238356164383561
2297,2298,11.035616438356165
2298,2299,10.668493150684931
2299,2300,20.78904109589041
2300,2301,12.509589041095891
2301,2302,12.772602739726027
2302,2303,23.013698630136986
2303,2304,45.27945205479452
2304,2305,27.767123287671232
2305,2306,3.852054794520548
2306,2307,9.72054794520548
2307,2308,35.95616438356164
2308,2309,27.46027397260274
2309,2310,47.26849315068493
2310,2311,2.3643835616438356
2311,2312,10.895890410958904
2312,2313,15.8
2313,2314,7.208219178082191
2314,2315,5.83013698630137
2315,2316,5.153424657534247
2316,2317,30.75890410958904
2317,2318,27.528767123287672
2318,2319,49.28493150684932
2319,2320,5.641095890410959
2320,2321,12.961643835616439
2321,2322,65.8986301369863
2322,2323,7.715068493150685
2323,2324,88.36712328767123
2324,2325,7.53972602739726
2325,2326,15.23013698630137
2326,2327,3.0931506849315067
2327,2328,31.057534246575344
2328,2329,6.405479452054794
2329,2330,8.512328767123288
2330,2331,5.463013698630137
2331,2332,7.410958904109589
2332,2333,4.380821917808219
2333,2334,51.72054794520548
2334,2335,11.104109589041096
2335,2336,61.09315068493151
2336,2337,38.602739726027394
2337,2338,32.36986301369863
2338,2339,19.424657534246574
2339,2340,58.205479452054796
2340,2341,22.66849315068493
2341,2342,20.47945205479452
2342,2343,11.063013698630137
2343,2344,33.47123287671233
2344,2345,12.482191780821918
2345,2346,13.205479452054794
2346,2347,56.43561643835616
2347,2348,2.2575342465753425
2348,2349,31.87945205479452
2349,2350,45.24383561643835
2350,2351,12.578082191780823
2351,2352,34.83013698630137
2352,2353,44.35616438356164
2353,2354,11.082191780821917
2354,2355,14.942465753424658
2355,2356,20.383561643835616
2356,2357,27.827397260273973
2357,2358,5.756164383561644
2358,2359,20.06027397260274
2359,2360,32.61917808219178
2360,2361,2.73972602739726
2361,2362,17.526027397260275
2362,2363,6.1506849315068495
2363,2364,22.60821917808219
2364,2365,4.605479452054794
2365,2366,4.52054794520548
2366,2367,4.104109589041096
2367,2368,29.186301369863013
2368,2369,5.52054794520548
2369,2370,12.224657534246575
2370,2371,6.967123287671233
2371,2372,41.02465753424657
2372,2373,9.608219178082193
2373,2374,5.578082191780822
2374,2375,8.553424657534247
2375,2376,12.101369863013698
2376,2377,10.698630136986301
2377,2378,11.465753424657533
2378,2379,22.958904109589042
2379,2380,12.29041095890411
2380,2381,17.18082191780822
2381,2382,3.6027397260273974
2382,2383,8.35890410958904
2383,2384,48.85205479452055
2384,2385,17.98904109589041
2385,2386,31.726027397260275
2386,2387,44.83835616438356
2387,2388,9.712328767123287
2388,2389,9.72054794520548
2389,2390,21.665753424657535
2390,2391,8.646575342465754
2391,2392,53.20821917808219
2392,2393,16.372602739726027
2393,2394,27.545205479452054
2394,2395,18.0
2395,2396,3.5506849315068494
2396,2397,8.591780821917808
2397,2398,22.35890410958904
2398,2399,5.213698630136986
2399,2400,7.358904109589041
2400,2401,19.145205479452056
2401,2402,24.323287671232876
2402,2403,15.032876712328767
2403,2404,28.246575342465754
2404,2405,8.498630136986302
2405,2406,7.082191780821918
2406,2407,2.3945205479452056
2407,2408,25.887671232876713
2408,2409,28.13150684931507
2409,2410,18.50958904109589
2410,2411,10.065753424657535
2411,2412,24.353424657534248
2412,2413,6.3123287671232875
2413,2414,33.463013698630135
2414,2415,39.25479452054795
2415,2416,25.926027397260274
2416,2417,3.717808219178082
2417,2418,47.73972602739726
2418,2419,23.7013698630137
2419,2420,22.26027397260274
2420,2421,9.882191780821918
2421,2422,15.287671232876713
2422,2423,36.09041095890411
2423,2424,19.564383561643837
2424,2425,19.64109589041096
2425,2426,31.96986301369863
2426,2427,35.54794520547945
2427,2428,16.912328767123288
2428,2429,22.454794520547946
2429,2430,16.432876712328767
2430,2431,55.824657534246576
2431,2432,2.835616438356164
2432,2433,12.512328767123288
2433,2434,23.12876712328767
2434,2435,3.7945205479452055
2435,2436,26.043835616438358
2436,2437,2.3013698630136985
2437,2438,19.008219178082193
2438,2439,33.11780821917808
2439,2440,16.61917808219178
2440,2441,13.057534246575342
2441,2442,34.345205479452055
2442,2443,10.01095890410959
2443,2444,8.728767123287671
2444,2445,36.09041095890411
2445,2446,30.45205479452055
2446,2447,62.68493150684932
2447,2448,11.27945205479452
2448,2449,18.046575342465754
2449,2450,18.336986301369862
2450,2451,67.68493150684932
2451,2452,5.328767123287672
2452,2453,7.476712328767123
2453,2454,14.509589041095891
2454,2455,5.76986301369863
2455,2456,6.7095890410958905
2456,2457,13.534246575342467
2457,2458,6.057534246575343
2458,2459,2.9342465753424656
2459,2460,5.832876712328767
2460,2461,13.542465753424658
2461,2462,18.21095890410959
2462,2463,3.0684931506849313
2463,2464,3.9972602739726026
2464,2465,28.361643835616437
2465,2466,8.032876712328767
2466,2467,3.8
2467,2468,32.46027397260274
2468,2469,22.8
2469,2470,17.10958904109589
2470,2471,39.63835616438356
2471,2472,17.564383561643837
2472,2473,3.3315068493150686
2473,2474,17.175342465753424
2474,2475,5.715068493150685
2475,2476,4.30958904109589
2476,2477,23.356164383561644
2477,2478,29.263013698630136
2478,2479,9.41095890410959
2479,2480,21.03835616438356
2480,2481,6.671232876712328
2481,2482,8.323287671232876
2482,2483,14.172602739726027
2483,2484,4.715068493150685
2484,2485,26.506849315068493
2485,2486,4.986301369863014
2486,2487,10.852054794520548
2487,2488,73.18904109589042
2488,2489,9.438356164383562
2489,2490,1.819178082191781
2490,2491,23.413698630136988
2491,2492,8.512328767123288
2492,2493,5.904109589041096
2493,2494,16.13972602739726
2494,2495,7.942465753424657
2495,2496,32.21917808219178
2496,2497,16.432876712328767
2497,2498,22.054794520547944
2498,2499,8.917808219178083
2499,2500,24.257534246575343
2500,2501,8.435616438356165
2501,2502,6.2684931506849315
2502,2503,23.898630136986302
2503,2504,33.657534246575345
2504,2505,29.895890410958906
2505,2506,9.07123287671233
2506,2507,7.473972602739726
2507,2508,13.512328767123288
2508,2509,8.054794520547945
2509,2510,8.745205479452055
2510,2511,6.156164383561644
2511,2512,27.019178082191782
2512,2513,20.421917808219177
2513,2514,37.66301369863014
2514,2515,4.471232876712329
2515,2516,4.567123287671233
2516,2517,1.936986301369863
2517,2518,11.172602739726027
2518,2519,10.778082191780822
2519,2520,45.62739726027397
2520,2521,42.53972602739726
2521,2522,29.243835616438357
2522,2523,32.02465753424657
2523,2524,35.26575342465753
2524,2525,27.304109589041097
2525,2526,16.304109589041097
2526,2527,35.99452054794521
2527,2528,4.7753424657534245
2528,2529,47.1972602739726
2529,2530,48.413698630136984
2530,2531,11.567123287671233
2531,2532,24.23835616438356
2532,2533,6.298630136986302
2533,2534,13.391780821917807
2534,2535,17.38082191780822
2535,2536,9.706849315068494
2536,2537,43.843835616438355
2537,2538,2.6082191780821917
2538,2539,18.77260273972603
2539,2540,10.66027397260274
2540,2541,6.523287671232877
2541,2542,6.232876712328767
2542,2543,8.684931506849315
2543,2544,31.008219178082193
2544,2545,15.915068493150685
2545,2546,2.252054794520548
2546,2547,34.80821917808219
2547,2548,11.254794520547945
2548,2549,45.25205479452055
2549,2550,14.824657534246576
2550,2551,4.619178082191781
2551,2552,17.506849315068493
2552,2553,22.339726027397262
2553,2554,26.578082191780823
2554,2555,71.42465753424658
2555,2556,16.854794520547944
2556,2557,30.512328767123286
2557,2558,22.512328767123286
2558,2559,9.572602739726028
2559,2560,13.205479452054794
2560,2561,29.934246575342467
2561,2562,16.394520547945206
2562,2563,2.7424657534246575
2563,2564,12.597260273972603
2564,2565,11.235616438356164
2565,2566,20.882191780821916
2566,2567,10.7013698630137
2567,2568,3.871232876712329
2568,2569,36.58904109589041
2569,2570,31.027397260273972
2570,2571,14.347945205479451
2571,2572,4.901369863013699
2572,2573,3.2383561643835614
2573,2574,21.12876712328767
2574,2575,47.23835616438356
2575,2576,7.263013698630137
2576,2577,9.139726027397261
2577,2578,90.73424657534247
2578,2579,70.53424657534246
2579,2580,14.112328767123287
2580,2581,3.9342465753424656
2581,2582,4.5479452054794525
2582,2583,16.10958904109589
2583,2584,14.553424657534247
2584,2585,44.43287671232877
2585,2586,7.745205479452054
2586,2587,54.69041095890411
2587,2588,12.501369863013698
2588,2589,21.03835616438356
2589,2590,13.978082191780821
2590,2591,3.9068493150684933
2591,2592,20.095890410958905
2592,2593,3.4493150684931506
2593,2594,26.213698630136985
2594,2595,5.698630136986301
2595,2596,16.96164383561644
2596,2597,36.35890410958904
2597,2598,20.556164383561644
2598,2599,36.38630136986301
2599,2600,20.326027397260273
2600,2601,4.567123287671233
2601,2602,23.221917808219178
2602,2603,8.476712328767123
2603,2604,21.34794520547945
2604,2605,7.764383561643836
2605,2606,27.47945205479452
2606,2607,20.03835616438356
2607,2608,12.72054794520548
2608,2609,18.317808219178083
2609,2610,14.126027397260273
2610,2611,3.243835616438356
2611,2612,29.915068493150685
2612,2613,8.076712328767123
2613,2614,19.46301369863014
2614,2615,17.372602739726027
2615,2616,35.68767123287671
2616,2617,31.276712328767122
2617,2618,15.057534246575342
2618,2619,8.284931506849315
2619,2620,2.4328767123287673
2620,2621,21.246575342465754
2621,2622,34.69041095890411
2622,2623,17.638356164383563
2623,2624,1.6493150684931508
2624,2625,2.0493150684931507
2625,2626,3.797260273972603
2626,2627,13.405479452054795
2627,2628,3.9095890410958902
2628,2629,11.561643835616438
2629,2630,23.03013698630137
2630,2631,3.736986301369863
2631,2632,6.383561643835616
2632,2633,18.350684931506848
2633,2634,16.71232876712329
2634,2635,35.153424657534245
2635,2636,28.956164383561642
2636,2637,9.147945205479452
2637,2638,20.443835616438356
2638,2639,4.7753424657534245
2639,2640,8.169863013698631
2640,2641,4.254794520547946
2641,2642,27.594520547945205
2642,2643,8.780821917808218
2643,2644,10.95068493150685
2644,2645,21.364383561643837
2645,2646,4.887671232876713
2646,2647,12.580821917808219
2647,2648,7.271232876712329
2648,2649,7.082191780821918
2649,2650,50.31506849315068
2650,2651,11.013698630136986
2651,2652,59.24383561643835
2652,2653,78.3945205479452
2653,2654,31.660273972602738
2654,2655,18.983561643835618
2655,2656,20.5972602739726
2656,2657,6.512328767123288
2657,2658,19.621917808219177
2658,2659,32.23835616438356
2659,2660,34.0
2660,2661,40.35342465753425
2661,2662,4.701369863013698
2662,2663,22.684931506849313
2663,2664,3.9123287671232876
2664,2665,18.43013698630137
2665,2666,32.73698630136986
2666,2667,7.8273972602739725
2667,2668,19.07945205479452
2668,2669,2.6465753424657534
2669,2670,23.764383561643836
2670,2671,8.435616438356165
2671,2672,33.27945205479452
2672,2673,13.224657534246575
2673,2674,32.85479452054795
2674,2675,4.824657534246575
2675,2676,26.545205479452054
2676,2677,12.145205479452056
2677,2678,59.07397260273972
2678,2679,20.980821917808218
2679,2680,7.515068493150685
2680,2681,92.82739726027397
2681,2682,25.17808219178082
2682,2683,57.21369863013699
2683,2684,29.915068493150685
2684,2685,37.989041095890414
2685,2686,26.55890410958904
2686,2687,12.70958904109589
2687,2688,33.94794520547945
2688,2689,4.967123287671233
2689,2690,20.46027397260274
2690,2691,8.553424657534247
2691,2692,18.389041095890413
2692,2693,26.06027397260274
2693,2694,10.468493150684932
2694,2695,39.81369863013698
2695,2696,5.46027397260274
2696,2697,33.98082191780822
2697,2698,38.536986301369865
2698,2699,2.4712328767123286
2699,2700,29.86027397260274
2700,2701,10.032876712328767
2701,2702,37.27945205479452
2702,2703,13.0
2703,2704,19.654794520547945
2704,2705,29.8
2705,2706,11.246575342465754
2706,2707,11.367123287671232
2707,2708,17.44931506849315
2708,2709,23.356164383561644
2709,2710,16.92054794520548
2710,2711,7.832876712328767
2711,2712,6.134246575342465
2712,2713,19.923287671232877
2713,2714,36.76164383561644
2714,2715,37.81643835616438
2715,2716,16.931506849315067
2716,2717,25.12876712328767
2717,2718,31.947945205479453
2718,2719,3.926027397260274
2719,2720,2.5726027397260274
2720,2721,30.01095890410959
2721,2722,24.545205479452054
2722,2723,15.169863013698631
2723,2724,21.980821917808218
2724,2725,10.008219178082191
2725,2726,16.50958904109589
2726,2727,13.224657534246575
2727,2728,7.534246575342466
2728,2729,36.40821917808219
2729,2730,1.9753424657534246
2730,2731,25.835616438356166
2731,2732,18.695890410958903
2732,2733,28.13150684931507
2733,2734,22.263013698630136
2734,2735,8.082191780821917
2735,2736,27.632876712328766
2736,2737,3.2383561643835614
2737,2738,3.3835616438356166
2738,2739,17.791780821917808
2739,2740,14.361643835616439
2740,2741,2.495890410958904
2741,2742,11.501369863013698
2742,2743,15.098630136986301
2743,2744,15.454794520547946
2744,2745,9.490410958904109
2745,2746,18.046575342465754
2746,2747,22.56986301369863
2747,2748,32.95068493150685
2748,2749,30.824657534246576
2749,2750,1.8383561643835618
2750,2751,16.208219178082192
2751,2752,3.736986301369863
2752,2753,31.55068493150685
2753,2754,20.517808219178082
2754,2755,3.5863013698630137
2755,2756,24.794520547945204
2756,2757,16.221917808219178
2757,2758,6.558904109589041
2758,2759,70.91506849315068
2759,2760,23.726027397260275
2760,2761,9.301369863013699
2761,2762,9.835616438356164
2762,2763,22.435616438356163
2763,2764,17.526027397260275
2764,2765,4.293150684931507
2765,2766,30.339726027397262
2766,2767,18.257534246575343
2767,2768,8.4
2768,2769,6.367123287671233
2769,2770,9.356164383561644
2770,2771,3.8958904109589043
2771,2772,32.64383561643836
2772,2773,4.0
2773,2774,20.364383561643837
2774,2775,23.515068493150686
2775,2776,7.504109589041096
2776,2777,23.512328767123286
2777,2778,22.783561643835615
2778,2779,13.827397260273973
2779,2780,14.526027397260274
2780,2781,23.24109589041096
2781,2782,20.421917808219177
2782,2783,20.72876712328767
2783,2784,17.084931506849315
2784,2785,37.95068493150685
2785,2786,17.931506849315067
2786,2787,7.9150684931506845
2787,2788,9.167123287671233
2788,2789,35.12054794520548
2789,2790,5.041095890410959
2790,2791,12.098630136986301
2791,2792,12.32876712328767
2792,2793,16.75890410958904
2793,2794,3.7205479452054795
2794,2795,4.063013698630137
2795,2796,15.515068493150684
2796,2797,8.364383561643836
2797,2798,58.16712328767123
2798,2799,12.150684931506849
2799,2800,8.534246575342467
2800,2801,11.906849315068493
2801,2802,27.33150684931507
2802,2803,16.34246575342466
2803,2804,16.643835616438356
2804,2805,26.53972602739726
2805,2806,27.575342465753426
2806,2807,13.632876712328768
2807,2808,12.808219178082192
2808,2809,32.778082191780825
2809,2810,24.334246575342465
2810,2811,3.9506849315068493
2811,2812,10.238356164383562
2812,2813,4.756164383561644
2813,2814,3.452054794520548
2814,2815,30.893150684931506
2815,2816,5.906849315068493
2816,2817,16.375342465753423
2817,2818,11.12054794520548
2818,2819,25.317808219178083
2819,2820,12.29041095890411
2820,2821,16.28219178082192
2821,2822,37.893150684931506
2822,2823,11.791780821917808
2823,2824,8.454794520547946
2824,2825,24.334246575342465
2825,2826,34.728767123287675
2826,2827,23.643835616438356
2827,2828,20.594520547945205
2828,2829,3.2383561643835614
2829,2830,10.605479452054794
2830,2831,22.512328767123286
2831,2832,34.67123287671233
2832,2833,12.501369863013698
2833,2834,30.326027397260273
2834,2835,15.263013698630138
2835,2836,9.01095890410959
2836,2837,8.956164383561644
2837,2838,4.638356164383562
2838,2839,1.7232876712328766
2839,2840,20.673972602739727
2840,2841,4.583561643835616
2841,2842,28.783561643835615
2842,2843,13.846575342465753
2843,2844,5.564383561643836
2844,2845,15.07123287671233
2845,2846,8.386301369863014
2846,2847,14.01917808219178
2847,2848,4.427397260273972
2848,2849,4.7753424657534245
2849,2850,10.221917808219178
2850,2851,5.082191780821918
2851,2852,33.273972602739725
2852,2853,7.189041095890411
2853,2854,35.99452054794521
2854,2855,24.295890410958904
2855,2856,20.515068493150686
2856,2857,5.306849315068493
2857,2858,5.558904109589041
2858,2859,12.772602739726027
2859,2860,7.64931506849315
2860,2861,36.30958904109589
2861,2862,22.77260273972603
2862,2863,8.457534246575342
2863,2864,19.23013698630137
2864,2865,47.0958904109589
2865,2866,6.287671232876712
2866,2867,11.257534246575343
2867,2868,9.076712328767123
2868,2869,13.07123287671233
2869,2870,4.4301369863013695
2870,2871,15.8
2871,2872,16.243835616438357
2872,2873,11.484931506849316
2873,2874,6.005479452054795
2874,2875,8.361643835616439
2875,2876,10.027397260273972
2876,2877,22.473972602739725
2877,2878,34.4027397260274
2878,2879,48.9013698630137
2879,2880,73.1917808219178
2880,2881,5.715068493150685
2881,2882,3.4136986301369863
2882,2883,38.90958904109589
2883,2884,10.643835616438356
2884,2885,33.88493150684931
2885,2886,3.9315068493150687
2886,2887,13.150684931506849
2887,2888,17.44931506849315
2888,2889,64.6958904109589
2889,2890,39.912328767123284
2890,2891,2.1123287671232878
2891,2892,7.424657534246576
2892,2893,32.772602739726025
2893,2894,40.657534246575345
2894,2895,23.797260273972604
2895,2896,17.67945205479452
2896,2897,4.868493150684931
2897,2898,17.534246575342465
2898,2899,26.791780821917808
2899,2900,18.83013698630137
2900,2901,6.367123287671233
2901,2902,27.824657534246576
2902,2903,5.772602739726027
2903,2904,12.205479452054794
2904,2905,23.068493150684933
2905,2906,22.147945205479452
2906,2907,25.736986301369864
2907,2908,33.0027397260274
2908,2909,25.043835616438358
2909,2910,2.8547945205479452
2910,2911,79.42191780821918
2911,2912,14.572602739726028
2912,2913,24.884931506849316
2913,2914,16.446575342465753
2914,2915,2.3972602739726026
2915,2916,18.104109589041094
2916,2917,9.509589041095891
2917,2918,30.246575342465754
2918,2919,31.487671232876714
2919,2920,2.7013698630136984
2920,2921,18.383561643835616
2921,2922,31.621917808219177
2922,2923,14.706849315068494
2923,2924,32.79178082191781
2924,2925,2.7205479452054795
2925,2926,6.4082191780821915
2926,2927,11.547945205479452
2927,2928,16.33150684931507
2928,2929,29.243835616438357
2929,2930,14.432876712328767
2930,2931,31.506849315068493
2931,2932,18.753424657534246
2932,2933,52.1972602739726
2933,2934,19.443835616438356
2934,2935,6.616438356164384
2935,2936,14.767123287671232
2936,2937,15.208219178082192
2937,2938,2.8767123287671232
2938,2939,6.791780821917809
2939,2940,8.512328767123288
2940,2941,41.31232876712329
2941,2942,16.49041095890411
2942,2943,6.583561643835616
2943,2944,22.934246575342467
2944,2945,39.605479452054794
2945,2946,55.40547945205479
2946,2947,91.36164383561643
2947,2948,36.38082191780822
2948,2949,3.052054794520548
2949,2950,19.482191780821918
2950,2951,15.58904109589041
2951,2952,3.506849315068493
2952,2953,3.9123287671232876
2953,2954,18.523287671232875
2954,2955,14.4
2955,2956,10.161643835616438
2956,2957,32.33150684931507
2957,2958,23.326027397260273
2958,2959,11.827397260273973
2959,2960,11.389041095890411
2960,2961,8.786301369863013
2961,2962,37.35616438356164
2962,2963,2.03013698630137
2963,2964,11.367123287671232
2964,2965,30.893150684931506
2965,2966,6.238356164383561
2966,2967,21.632876712328766
2967,2968,57.43561643835616
2968,2969,13.4
2969,2970,17.35890410958904
2970,2971,26.315068493150687
2971,2972,28.438356164383563
2972,2973,12.638356164383561
2973,2974,33.61643835616438
2974,2975,14.131506849315068
2975,2976,9.624657534246575
2976,2977,19.041095890410958
2977,2978,17.84109589041096
2978,2979,20.4027397260274
2979,2980,8.895890410958904
2980,2981,3.106849315068493
2981,2982,2.5095890410958903
2982,2983,6.504109589041096
2983,2984,21.956164383561642
2984,2985,15.608219178082193
2985,2986,13.076712328767123
2986,2987,14.534246575342467
2987,2988,30.164383561643834
2988,2989,16.827397260273973
2989,2990,17.852054794520548
2990,2991,21.975342465753425
2991,2992,18.17808219178082
2992,2993,94.98356164383561
2993,2994,14.747945205479452
2994,2995,26.5013698630137
2995,2996,24.90958904109589
2996,2997,5.964383561643835
2997,2998,22.435616438356163
2998,2999,15.167123287671233
2999,3000,7.47945205479452
