,id,has_top_keyword,release_year
0,1,True,2015
1,2,False,2004
2,3,False,2014
3,4,False,2012
4,5,False,2009
5,6,False,1987
6,7,False,2012
7,8,False,2004
8,9,True,1996
9,10,False,2003
10,11,True,1976
11,12,False,1987
12,13,True,1999
13,14,False,2005
14,15,True,2002
15,16,False,2010
16,17,False,2005
17,18,False,2013
18,19,False,2011
19,20,True,2005
20,21,True,1998
21,22,False,1982
22,23,False,2012
23,24,False,2011
24,25,True,2006
25,26,False,1992
26,27,False,1997
27,28,False,2013
28,29,True,1986
29,30,False,2002
30,31,True,2011
31,32,True,2005
32,33,True,2015
33,34,False,2014
34,35,False,2007
35,36,False,2012
36,37,False,2000
37,38,True,1995
38,39,False,2013
39,40,False,1965
40,41,False,2006
41,42,True,1967
42,43,True,2000
43,44,False,2014
44,45,True,2005
45,46,True,2009
46,47,True,2006
47,48,True,2015
48,49,True,2017
49,50,False,1994
50,51,True,2008
51,52,True,1965
52,53,False,1980
53,54,False,1988
54,55,True,2016
55,56,False,1993
56,57,False,2009
57,58,True,1997
58,59,False,2008
59,60,True,2002
60,61,True,2006
61,62,False,1956
62,63,True,1998
63,64,False,1989
64,65,False,2013
65,66,False,1988
66,67,False,2010
67,68,False,2013
68,69,True,1962
69,70,True,2006
70,71,False,2005
71,72,True,2004
72,73,False,1990
73,74,True,2004
74,75,False,1976
75,76,False,2011
76,77,False,2000
77,78,True,1980
78,79,False,1981
79,80,True,2016
80,81,True,2002
81,82,False,2005
82,83,True,2005
83,84,True,1984
84,85,False,2011
85,86,False,1995
86,87,True,1979
87,88,True,1995
88,89,False,2017
89,90,True,1993
90,91,True,2003
91,92,False,2001
92,93,False,1995
93,94,False,2008
94,95,True,2001
95,96,False,2012
96,97,False,2011
97,98,False,2011
98,99,True,2012
99,100,False,1988
100,101,True,1990
101,102,True,2001
102,103,False,2007
103,104,False,2012
104,105,False,2014
105,106,False,2013
106,107,False,2010
107,108,False,1995
108,109,False,1999
109,110,False,1966
110,111,False,2001
111,112,False,2004
112,113,True,2015
113,114,False,1988
114,115,True,2001
115,116,True,2002
116,117,False,2012
117,118,True,2007
118,119,False,1993
119,120,False,1997
120,121,True,2001
121,122,True,1999
122,123,False,1990
123,124,False,2000
124,125,False,2009
125,126,True,2008
126,127,False,1978
127,128,False,2000
128,129,True,2005
129,130,True,1996
130,131,False,2013
131,132,False,2011
132,133,True,2000
133,134,False,2010
134,135,False,2007
135,136,False,2006
136,137,False,2012
137,138,False,1994
138,139,True,2010
139,140,True,2003
140,141,True,1968
141,142,False,2003
142,143,False,2016
143,144,False,2008
144,145,False,1967
145,146,True,2016
146,147,False,1988
147,148,True,2013
148,149,False,1992
149,150,True,2012
150,151,True,1980
151,152,False,2016
152,153,False,1988
153,154,True,2015
154,155,True,1983
155,156,True,2002
156,157,False,2005
157,158,True,1994
158,159,False,2000
159,160,False,1995
160,161,False,2006
161,162,False,1988
162,163,False,2011
163,164,False,1998
164,165,True,2007
165,166,False,1989
166,167,True,1982
167,168,True,2005
168,169,False,1975
169,170,True,1981
170,171,True,1985
171,172,False,1987
172,173,False,1966
173,174,True,1991
174,175,False,2011
175,176,True,2001
176,177,True,2000
177,178,False,1997
178,179,True,1982
179,180,True,1989
180,181,False,2008
181,182,False,2002
182,183,False,1991
183,184,True,2010
184,185,True,2006
185,186,False,1997
186,187,False,2006
187,188,True,1928
188,189,False,2008
189,190,False,2014
190,191,True,1996
191,192,True,2012
192,193,False,2016
193,194,True,1983
194,195,False,2009
195,196,False,2008
196,197,True,1988
197,198,False,2006
198,199,False,2000
199,200,True,2014
200,201,True,2006
201,202,True,1988
202,203,True,2013
203,204,True,2007
204,205,False,1985
205,206,False,2015
206,207,False,1992
207,208,True,1995
208,209,False,1994
209,210,False,2004
210,211,True,1997
211,212,True,1975
212,213,False,1993
213,214,False,2012
214,215,False,2012
215,216,False,2013
216,217,False,2014
217,218,True,1981
218,219,False,1980
219,220,True,2004
220,221,True,2009
221,222,False,1992
222,223,False,2010
223,224,True,1992
224,225,False,2016
225,226,False,2003
226,227,False,2011
227,228,True,2009
228,229,False,1969
229,230,True,1995
230,231,True,2004
231,232,False,1993
232,233,False,2013
233,234,False,2009
234,235,True,2016
235,236,True,2007
236,237,True,1996
237,238,False,1978
238,239,True,1990
239,240,False,2002
240,241,False,1997
241,242,False,2013
242,243,False,2009
243,244,False,1995
244,245,True,1979
245,246,False,2008
246,247,True,1994
247,248,True,2004
248,249,True,2001
249,250,True,1978
250,251,False,2001
251,252,True,1995
252,253,True,2004
253,254,False,2012
254,255,False,2012
255,256,False,2013
256,257,True,2015
257,258,False,1956
258,259,True,1995
259,260,False,1998
260,261,False,1988
261,262,False,2006
262,263,False,2010
263,264,True,1987
264,265,True,2004
265,266,True,2002
266,267,True,2007
267,268,True,1994
268,269,True,2006
269,270,False,2007
270,271,True,2011
271,272,True,2006
272,273,False,1990
273,274,False,2010
274,275,False,1998
275,276,False,2013
276,277,False,2009
277,278,False,1998
278,279,False,2016
279,280,True,2004
280,281,True,1999
281,282,False,2012
282,283,True,1998
283,284,True,2008
284,285,False,2012
285,286,True,1996
286,287,True,2016
287,288,True,1994
288,289,True,2003
289,290,True,1994
290,291,True,1994
291,292,False,2007
292,293,False,2014
293,294,True,1997
294,295,True,2015
295,296,False,2009
296,297,True,2002
297,298,True,2003
298,299,False,1991
299,300,False,1991
300,301,True,1990
301,302,False,1933
302,303,False,2005
303,304,False,1993
304,305,False,1988
305,306,True,2002
306,307,False,2009
307,308,True,2016
308,309,False,2004
309,310,True,2003
310,311,False,2009
311,312,False,2012
312,313,False,2004
313,314,False,2001
314,315,True,2017
315,316,True,2008
316,317,True,2012
317,318,True,2013
318,319,False,2006
319,320,True,1985
320,321,True,1986
321,322,True,2012
322,323,True,2015
323,324,False,1999
324,325,True,1987
325,326,False,1998
326,327,False,1996
327,328,True,2011
328,329,False,2010
329,330,True,2006
330,331,False,1982
331,332,True,2009
332,333,False,2007
333,334,False,1949
334,335,False,2003
335,336,True,2014
336,337,True,2013
337,338,False,2010
338,339,False,2005
339,340,False,1970
340,341,False,2014
341,342,True,1997
342,343,False,2005
343,344,True,1982
344,345,True,2014
345,346,False,1988
346,347,True,2016
347,348,False,1996
348,349,True,1984
349,350,False,2004
350,351,True,2016
351,352,True,1971
352,353,False,1984
353,354,True,2001
354,355,True,2008
355,356,False,2017
356,357,False,2005
357,358,True,1994
358,359,True,1998
359,360,True,2009
360,361,False,2016
361,362,False,2010
362,363,False,2015
363,364,True,2012
364,365,True,1999
365,366,False,2004
366,367,True,2014
367,368,True,1999
368,369,False,2016
369,370,True,2015
370,371,False,1988
371,372,False,2011
372,373,True,2001
373,374,False,1985
374,375,False,1977
375,376,True,1981
376,377,True,1998
377,378,True,1990
378,379,True,2005
379,380,False,2015
380,381,True,2006
381,382,True,2004
382,383,False,1993
383,384,True,2012
384,385,False,1999
385,386,True,2007
386,387,True,2010
387,388,False,1991
388,389,False,2011
389,390,False,2003
390,391,False,2012
391,392,True,2017
392,393,False,2016
393,394,True,1996
394,395,False,1981
395,396,False,2008
396,397,True,2013
397,398,True,1989
398,399,True,1992
399,400,False,1994
400,401,False,2005
401,402,False,2002
402,403,False,2014
403,404,False,2013
404,405,True,1989
405,406,True,1997
406,407,False,1992
407,408,False,1997
408,409,False,1989
409,410,True,1993
410,411,True,1986
411,412,False,2003
412,413,True,2013
413,414,False,2006
414,415,False,2012
415,416,True,1999
416,417,True,2008
417,418,True,1985
418,419,False,2003
419,420,False,2010
420,421,True,2011
421,422,True,1986
422,423,True,2009
423,424,False,2012
424,425,False,2007
425,426,False,2012
426,427,False,2007
427,428,False,2009
428,429,True,1977
429,430,True,2006
430,431,False,2016
431,432,True,2004
432,433,False,2000
433,434,False,2001
434,435,True,2006
435,436,True,1987
436,437,False,2014
437,438,True,2003
438,439,False,1988
439,440,False,2016
440,441,True,2014
441,442,False,2015
442,443,True,1997
443,444,False,1985
444,445,True,2016
445,446,False,1988
446,447,True,2009
447,448,True,1995
448,449,True,1997
449,450,True,2005
450,451,True,2004
451,452,False,2016
452,453,False,2014
453,454,False,1992
454,455,False,1988
455,456,False,2007
456,457,True,1940
457,458,False,1992
458,459,False,2016
459,460,True,1995
460,461,False,1986
461,462,False,2007
462,463,True,1997
463,464,True,1989
464,465,True,1990
465,466,False,1987
466,467,True,1982
467,468,False,2007
468,469,False,2013
469,470,False,1986
470,471,False,2003
471,472,True,2009
472,473,False,1991
473,474,False,2001
474,475,True,2010
475,476,False,2012
476,477,False,1992
477,478,False,2016
478,479,False,2006
479,480,True,1993
480,481,False,1954
481,482,False,2009
482,483,True,2001
483,484,False,2015
484,485,True,1993
485,486,True,2010
486,487,True,1998
487,488,True,2006
488,489,True,2014
489,490,True,1991
490,491,False,2009
491,492,True,2007
492,493,True,2012
493,494,False,1985
494,495,True,2009
495,496,False,1997
496,497,False,2017
497,498,True,1992
498,499,False,2006
499,500,True,2015
500,501,False,1969
501,502,False,2005
502,503,False,2015
503,504,False,1995
504,505,False,1957
505,506,True,2011
506,507,True,2008
507,508,False,1998
508,509,True,1998
509,510,True,2014
510,511,False,1954
511,512,True,2017
512,513,True,2011
513,514,False,1994
514,515,False,2016
515,516,True,1999
516,517,True,2000
517,518,True,2014
518,519,True,2017
519,520,True,2012
520,521,False,2001
521,522,True,2014
522,523,True,2014
523,524,True,1956
524,525,True,2005
525,526,True,2011
526,527,False,2011
527,528,False,2008
528,529,True,2009
529,530,False,2006
530,531,False,1953
531,532,False,2016
532,533,True,1986
533,534,True,2010
534,535,True,2007
535,536,False,2008
536,537,False,2002
537,538,True,1996
538,539,True,1989
539,540,True,2011
540,541,True,2015
541,542,True,1993
542,543,True,1998
543,544,True,2002
544,545,False,1969
545,546,False,2006
546,547,True,2002
547,548,True,1990
548,549,True,2016
549,550,False,2005
550,551,True,2002
551,552,True,2015
552,553,True,2003
553,554,True,1993
554,555,True,2001
555,556,False,1932
556,557,True,2014
557,558,False,2013
558,559,False,2016
559,560,True,1979
560,561,False,2007
561,562,False,2013
562,563,True,2004
563,564,True,2015
564,565,True,1984
565,566,False,2009
566,567,False,1960
567,568,True,2012
568,569,False,2017
569,570,True,1986
570,571,True,2002
571,572,False,2003
572,573,False,2010
573,574,False,2001
574,575,True,2016
575,576,True,1990
576,577,True,1990
577,578,True,2017
578,579,True,2012
579,580,False,1948
580,581,False,1986
581,582,False,2014
582,583,False,2007
583,584,True,1996
584,585,False,1987
585,586,False,2016
586,587,False,2015
587,588,True,2016
588,589,True,1958
589,590,True,1997
590,591,False,1999
591,592,False,2003
592,593,True,2008
593,594,True,2013
594,595,False,1995
595,596,False,2013
596,597,True,1982
597,598,True,2006
598,599,True,2006
599,600,False,2013
600,601,True,1986
601,602,False,2015
602,603,True,2001
603,604,True,1999
604,605,True,1977
605,606,True,2015
606,607,True,2014
607,608,False,2011
608,609,False,2007
609,610,False,1997
610,611,True,1987
611,612,False,2016
612,613,False,2004
613,614,False,2004
614,615,True,1961
615,616,False,2008
616,617,False,2010
617,618,False,1993
618,619,True,1982
619,620,True,1982
620,621,False,1999
621,622,False,2004
622,623,True,2016
623,624,True,1993
624,625,True,2001
625,626,True,1959
626,627,False,1993
627,628,False,2016
628,629,True,2016
629,630,False,1998
630,631,True,2004
631,632,False,1970
632,633,True,1991
633,634,True,2005
634,635,True,1968
635,636,True,1984
636,637,False,1981
637,638,False,2008
638,639,False,1981
639,640,False,2000
640,641,True,1999
641,642,True,2014
642,643,True,1988
643,644,False,1998
644,645,False,1952
645,646,False,2010
646,647,True,2005
647,648,True,1968
648,649,False,1944
649,650,True,2005
650,651,True,1995
651,652,True,1983
652,653,False,1998
653,654,True,1997
654,655,False,2007
655,656,False,1994
656,657,True,1994
657,658,True,1985
658,659,True,2009
659,660,False,2012
660,661,True,2006
661,662,False,2012
662,663,True,2009
663,664,True,2012
664,665,False,1994
665,666,False,2010
666,667,True,2013
667,668,False,2013
668,669,False,2012
669,670,True,1995
670,671,True,1962
671,672,False,2010
672,673,True,2014
673,674,False,1984
674,675,True,2005
675,676,True,2002
676,677,True,2013
677,678,False,1998
678,679,True,2011
679,680,True,1955
680,681,True,2004
681,682,True,1986
682,683,False,1993
683,684,True,2009
684,685,True,2017
685,686,False,1955
686,687,True,2016
687,688,True,1990
688,689,False,2013
689,690,True,2005
690,691,False,1960
691,692,True,2003
692,693,True,2002
693,694,False,2014
694,695,True,1983
695,696,False,2003
696,697,False,1992
697,698,False,2013
698,699,True,2015
699,700,True,2016
700,701,True,1986
701,702,False,2015
702,703,True,1999
703,704,False,1999
704,705,True,2006
705,706,False,1954
706,707,False,1978
707,708,False,2014
708,709,True,2014
709,710,False,1960
710,711,True,2011
711,712,False,1984
712,713,True,2006
713,714,True,2005
714,715,False,1979
715,716,True,2010
716,717,False,1993
717,718,False,1992
718,719,False,1992
719,720,True,2014
720,721,False,1986
721,722,True,2003
722,723,False,1988
723,724,False,1993
724,725,True,2009
725,726,True,2015
726,727,False,2012
727,728,True,2007
728,729,False,1980
729,730,True,2014
730,731,True,1991
731,732,True,1967
732,733,False,1994
733,734,False,2002
734,735,True,2016
735,736,True,1992
736,737,False,1951
737,738,False,1988
738,739,False,2016
739,740,True,2005
740,741,True,1989
741,742,True,1991
742,743,True,2010
743,744,True,2010
744,745,False,1982
745,746,True,2007
746,747,False,2007
747,748,False,2015
748,749,False,2012
749,750,True,1999
750,751,False,2005
751,752,True,2008
752,753,False,1998
753,754,True,1980
754,755,False,1999
755,756,False,1981
756,757,False,1993
757,758,False,2008
758,759,False,2015
759,760,True,2007
760,761,True,2005
761,762,False,2014
762,763,True,2006
763,764,True,2013
764,765,True,1989
765,766,True,2015
766,767,True,2012
767,768,False,2007
768,769,False,2014
769,770,True,1988
770,771,True,2016
771,772,False,2009
772,773,False,1997
773,774,True,2000
774,775,False,2010
775,776,True,2011
776,777,True,2008
777,778,True,2016
778,779,True,2016
779,780,True,2008
780,781,True,2017
781,782,False,2016
782,783,True,1989
783,784,False,1992
784,785,True,1993
785,786,False,1993
786,787,True,2004
787,788,False,2005
788,789,False,2015
789,790,False,2011
790,791,True,1971
791,792,True,1989
792,793,True,2000
793,794,False,2002
794,795,True,2010
795,796,True,1991
796,797,False,2005
797,798,True,2015
798,799,False,2009
799,800,True,2010
800,801,False,2015
801,802,True,2016
802,803,False,2010
803,804,True,1973
804,805,True,2003
805,806,False,2012
806,807,True,2001
807,808,False,2011
808,809,False,2013
809,810,True,2016
810,811,True,1999
811,812,False,1985
812,813,True,1998
813,814,False,2006
814,815,True,1996
815,816,True,2005
816,817,False,1996
817,818,False,1972
818,819,True,2015
819,820,False,2001
820,821,False,2013
821,822,False,1936
822,823,True,2004
823,824,False,1962
824,825,True,2004
825,826,True,2004
826,827,False,2013
827,828,False,2015
828,829,False,2003
829,830,False,2009
830,831,True,1976
831,832,True,2008
832,833,True,2005
833,834,True,2003
834,835,False,2011
835,836,False,1990
836,837,False,2010
837,838,True,2015
838,839,True,2006
839,840,False,1988
840,841,False,2016
841,842,False,2006
842,843,False,2000
843,844,True,2013
844,845,True,1931
845,846,True,1990
846,847,True,2016
847,848,True,1997
848,849,False,2013
849,850,False,1936
850,851,True,2006
851,852,False,1996
852,853,True,2016
853,854,True,1986
854,855,False,2005
855,856,False,2008
856,857,True,2003
857,858,True,2002
858,859,False,2008
859,860,True,1988
860,861,True,2001
861,862,True,2013
862,863,False,2011
863,864,True,2015
864,865,False,2005
865,866,False,2006
866,867,True,1960
867,868,False,1991
868,869,True,2005
869,870,True,2006
870,871,True,2007
871,872,False,2009
872,873,False,2007
873,874,True,1995
874,875,False,2013
875,876,True,1997
876,877,True,1985
877,878,False,2011
878,879,False,1998
879,880,False,2013
880,881,False,2011
881,882,True,2010
882,883,True,2011
883,884,True,2012
884,885,False,2013
885,886,False,1978
886,887,False,2012
887,888,True,2008
888,889,True,2002
889,890,True,2002
890,891,False,1989
891,892,True,1986
892,893,True,2011
893,894,False,1999
894,895,False,2001
895,896,True,1978
896,897,True,2006
897,898,True,1985
898,899,False,2006
899,900,False,2007
900,901,False,2012
901,902,False,2014
902,903,True,2008
903,904,True,1984
904,905,True,2005
905,906,True,1989
906,907,True,2012
907,908,False,1985
908,909,False,2015
909,910,False,2012
910,911,False,2013
911,912,True,2016
912,913,False,2013
913,914,True,1997
914,915,True,2016
915,916,False,2012
916,917,False,1999
917,918,False,1994
918,919,False,2015
919,920,False,1987
920,921,True,1987
921,922,True,1989
922,923,False,1995
923,924,False,1991
924,925,False,2013
925,926,False,2014
926,927,False,1999
927,928,True,2013
928,929,False,2013
929,930,True,1981
930,931,True,2003
931,932,False,2015
932,933,True,1993
933,934,True,2011
934,935,True,2017
935,936,True,1987
936,937,False,2015
937,938,False,2013
938,939,False,2012
939,940,True,1931
940,941,False,2006
941,942,True,2014
942,943,True,2014
943,944,True,2001
944,945,True,2009
945,946,False,2008
946,947,True,2010
947,948,False,1994
948,949,True,1985
949,950,False,1986
950,951,False,1992
951,952,True,1996
952,953,False,1967
953,954,False,2012
954,955,True,2015
955,956,True,2012
956,957,False,2015
957,958,False,2004
958,959,True,2011
959,960,True,1987
960,961,False,2015
961,962,True,2009
962,963,True,1995
963,964,False,2011
964,965,True,1966
965,966,True,1997
966,967,False,2015
967,968,True,1994
968,969,True,2008
969,970,True,2010
970,971,False,2014
971,972,True,2013
972,973,True,1976
973,974,True,2014
974,975,True,1982
975,976,False,2010
976,977,True,2000
977,978,False,2011
978,979,True,1999
979,980,True,1987
980,981,True,1999
981,982,False,2000
982,983,True,2016
983,984,True,1990
984,985,False,2013
985,986,False,2011
986,987,False,1989
987,988,True,2012
988,989,False,1992
989,990,False,2003
990,991,True,2003
991,992,False,2014
992,993,True,1935
993,994,True,1984
994,995,True,1991
995,996,True,2004
996,997,True,2016
997,998,False,2004
998,999,False,2003
999,1000,True,1973
1000,1001,False,1991
1001,1002,False,2014
1002,1003,True,1995
1003,1004,False,2004
1004,1005,False,2013
1005,1006,False,1999
1006,1007,False,2006
1007,1008,False,2011
1008,1009,False,1986
1009,1010,True,1993
1010,1011,False,2015
1011,1012,True,1985
1012,1013,False,2012
1013,1014,False,1993
1014,1015,True,2011
1015,1016,False,2013
1016,1017,True,2006
1017,1018,False,2009
1018,1019,True,2012
1019,1020,True,2016
1020,1021,True,1995
1021,1022,True,1999
1022,1023,False,2012
1023,1024,False,1983
1024,1025,True,1979
1025,1026,False,2013
1026,1027,True,2009
1027,1028,True,1983
1028,1029,False,1997
1029,1030,True,1995
1030,1031,True,2012
1031,1032,False,2008
1032,1033,True,2004
1033,1034,True,1997
1034,1035,True,1968
1035,1036,False,2014
1036,1037,True,1966
1037,1038,False,2006
1038,1039,True,2016
1039,1040,True,2012
1040,1041,False,2011
1041,1042,False,2005
1042,1043,True,2004
1043,1044,True,1988
1044,1045,False,2008
1045,1046,True,1987
1046,1047,True,1989
1047,1048,False,2006
1048,1049,True,2006
1049,1050,True,2012
1050,1051,True,1999
1051,1052,True,1990
1052,1053,True,1997
1053,1054,False,2004
1054,1055,False,2009
1055,1056,False,2012
1056,1057,True,2008
1057,1058,True,2011
1058,1059,False,1988
1059,1060,True,1987
1060,1061,True,1987
1061,1062,False,1985
1062,1063,False,2000
1063,1064,True,2005
1064,1065,False,2009
1065,1066,True,2007
1066,1067,True,2004
1067,1068,False,1976
1068,1069,False,1987
1069,1070,False,1998
1070,1071,False,2007
1071,1072,False,2001
1072,1073,False,2000
1073,1074,False,2010
1074,1075,False,2004
1075,1076,True,2009
1076,1077,False,2013
1077,1078,True,1980
1078,1079,False,2011
1079,1080,False,2014
1080,1081,True,2001
1081,1082,True,1987
1082,1083,False,2014
1083,1084,True,2002
1084,1085,False,2006
1085,1086,True,1983
1086,1087,False,1988
1087,1088,False,2006
1088,1089,True,1995
1089,1090,False,2015
1090,1091,True,2015
1091,1092,False,2014
1092,1093,False,2010
1093,1094,True,1972
1094,1095,True,2006
1095,1096,True,1995
1096,1097,False,2000
1097,1098,False,2015
1098,1099,True,2016
1099,1100,True,1989
1100,1101,False,1991
1101,1102,False,1987
1102,1103,False,1999
1103,1104,False,2002
1104,1105,True,2016
1105,1106,False,2003
1106,1107,True,1987
1107,1108,True,2013
1108,1109,True,2014
1109,1110,True,1988
1110,1111,False,1994
1111,1112,True,1982
1112,1113,False,2017
1113,1114,False,2009
1114,1115,False,2011
1115,1116,True,1977
1116,1117,False,1998
1117,1118,False,2001
1118,1119,True,1995
1119,1120,False,2012
1120,1121,True,1987
1121,1122,True,2006
1122,1123,False,1985
1123,1124,True,2013
1124,1125,True,2016
1125,1126,False,2001
1126,1127,True,2012
1127,1128,True,1999
1128,1129,True,1981
1129,1130,False,1993
1130,1131,True,1977
1131,1132,False,2016
1132,1133,True,2005
1133,1134,False,1999
1134,1135,False,2014
1135,1136,False,1994
1136,1137,False,2009
1137,1138,False,2013
1138,1139,False,1994
1139,1140,True,2013
1140,1141,True,1997
1141,1142,False,2011
1142,1143,True,1988
1143,1144,True,1942
1144,1145,True,2014
1145,1146,True,2006
1146,1147,False,1994
1147,1148,True,2016
1148,1149,False,2004
1149,1150,False,2012
1150,1151,True,1962
1151,1152,True,2007
1152,1153,False,1977
1153,1154,True,2007
1154,1155,False,1983
1155,1156,False,2010
1156,1157,False,2005
1157,1158,True,2012
1158,1159,True,2013
1159,1160,True,2011
1160,1161,False,2006
1161,1162,True,1927
1162,1163,False,1977
1163,1164,False,1993
1164,1165,False,1993
1165,1166,False,2007
1166,1167,False,1953
1167,1168,False,2016
1168,1169,False,2006
1169,1170,True,1953
1170,1171,False,1984
1171,1172,True,2012
1172,1173,False,2013
1173,1174,False,2015
1174,1175,False,2009
1175,1176,True,2009
1176,1177,False,2007
1177,1178,True,2004
1178,1179,False,1971
1179,1180,False,1985
1180,1181,False,2016
1181,1182,True,2008
1182,1183,True,1997
1183,1184,True,2012
1184,1185,True,2014
1185,1186,True,1993
1186,1187,False,1980
1187,1188,False,1968
1188,1189,False,2013
1189,1190,True,1936
1190,1191,True,1985
1191,1192,True,2013
1192,1193,True,1997
1193,1194,True,2002
1194,1195,True,2006
1195,1196,False,2010
1196,1197,False,1998
1197,1198,False,2014
1198,1199,True,1978
1199,1200,False,2010
1200,1201,False,2010
1201,1202,False,2013
1202,1203,False,2017
1203,1204,True,2000
1204,1205,True,1987
1205,1206,True,1981
1206,1207,False,2005
1207,1208,True,1987
1208,1209,True,1987
1209,1210,True,2000
1210,1211,False,2011
1211,1212,True,2010
1212,1213,False,1996
1213,1214,False,2002
1214,1215,False,2010
1215,1216,True,2016
1216,1217,True,1986
1217,1218,False,2000
1218,1219,True,2010
1219,1220,False,2008
1220,1221,False,2016
1221,1222,True,1978
1222,1223,True,2011
1223,1224,True,2010
1224,1225,True,2017
1225,1226,False,2014
1226,1227,True,2011
1227,1228,True,1957
1228,1229,False,2007
1229,1230,True,2010
1230,1231,True,2007
1231,1232,True,2005
1232,1233,False,2007
1233,1234,False,1988
1234,1235,True,2005
1235,1236,False,2010
1236,1237,False,2003
1237,1238,True,1983
1238,1239,True,2003
1239,1240,True,2012
1240,1241,False,2012
1241,1242,False,1986
1242,1243,False,2002
1243,1244,True,2013
1244,1245,True,2002
1245,1246,True,1936
1246,1247,False,2015
1247,1248,True,2007
1248,1249,True,2005
1249,1250,True,2008
1250,1251,False,2001
1251,1252,True,1989
1252,1253,False,1995
1253,1254,False,1997
1254,1255,False,2010
1255,1256,False,1975
1256,1257,False,2003
1257,1258,False,1989
1258,1259,False,1992
1259,1260,True,1993
1260,1261,True,2011
1261,1262,False,2012
1262,1263,False,1993
1263,1264,True,2011
1264,1265,False,2009
1265,1266,False,2014
1266,1267,True,2000
1267,1268,False,2010
1268,1269,True,1998
1269,1270,True,1942
1270,1271,True,2012
1271,1272,False,2000
1272,1273,True,1964
1273,1274,True,2001
1274,1275,True,1984
1275,1276,False,1977
1276,1277,True,2008
1277,1278,False,1987
1278,1279,False,1989
1279,1280,False,2015
1280,1281,False,2016
1281,1282,True,2007
1282,1283,False,1969
1283,1284,False,2013
1284,1285,False,1992
1285,1286,True,1990
1286,1287,False,1983
1287,1288,True,1932
1288,1289,True,1973
1289,1290,True,1954
1290,1291,False,1986
1291,1292,False,1984
1292,1293,False,1998
1293,1294,True,2008
1294,1295,True,1978
1295,1296,True,1983
1296,1297,True,2000
1297,1298,False,1994
1298,1299,False,1998
1299,1300,False,2014
1300,1301,True,2013
1301,1302,False,2008
1302,1303,True,1980
1303,1304,True,1939
1304,1305,False,2016
1305,1306,False,2008
1306,1307,False,2001
1307,1308,False,2011
1308,1309,False,2001
1309,1310,True,2014
1310,1311,False,2010
1311,1312,True,1966
1312,1313,True,2003
1313,1314,True,2014
1314,1315,True,2016
1315,1316,False,1980
1316,1317,False,1985
1317,1318,False,2014
1318,1319,True,1980
1319,1320,True,2006
1320,1321,True,2015
1321,1322,True,2004
1322,1323,False,2007
1323,1324,False,1994
1324,1325,False,2008
1325,1326,True,2008
1326,1327,False,2005
1327,1328,True,2011
1328,1329,False,1990
1329,1330,False,1991
1330,1331,True,1982
1331,1332,False,2012
1332,1333,True,2009
1333,1334,False,2005
1334,1335,True,2011
1335,1336,False,2007
1336,1337,True,1975
1337,1338,False,1999
1338,1339,False,2008
1339,1340,False,2012
1340,1341,False,2002
1341,1342,True,2012
1342,1343,False,2015
1343,1344,True,1988
1344,1345,False,1997
1345,1346,True,2013
1346,1347,False,1955
1347,1348,True,2011
1348,1349,True,1977
1349,1350,True,2011
1350,1351,False,1967
1351,1352,True,2006
1352,1353,False,1997
1353,1354,False,2010
1354,1355,False,2017
1355,1356,True,2005
1356,1357,False,2015
1357,1358,True,1973
1358,1359,False,1980
1359,1360,False,2013
1360,1361,False,2012
1361,1362,False,1925
1362,1363,True,2009
1363,1364,True,1981
1364,1365,False,2009
1365,1366,False,2013
1366,1367,False,2015
1367,1368,False,1955
1368,1369,False,2000
1369,1370,False,2011
1370,1371,False,2008
1371,1372,True,2005
1372,1373,False,1966
1373,1374,True,2012
1374,1375,False,1996
1375,1376,False,2008
1376,1377,False,2017
1377,1378,True,2001
1378,1379,True,2006
1379,1380,True,2007
1380,1381,False,2016
1381,1382,False,1959
1382,1383,False,2009
1383,1384,True,1997
1384,1385,False,2003
1385,1386,False,2011
1386,1387,True,2006
1387,1388,True,2011
1388,1389,False,2006
1389,1390,False,1996
1390,1391,True,2000
1391,1392,False,2012
1392,1393,True,2012
1393,1394,True,2014
1394,1395,True,2015
1395,1396,False,2005
1396,1397,True,2007
1397,1398,False,1997
1398,1399,False,1996
1399,1400,True,2016
1400,1401,False,2016
1401,1402,True,2000
1402,1403,True,2016
1403,1404,False,2008
1404,1405,False,2004
1405,1406,True,2013
1406,1407,False,2016
1407,1408,True,1998
1408,1409,False,2001
1409,1410,False,2015
1410,1411,False,2016
1411,1412,False,2013
1412,1413,True,2016
1413,1414,False,1991
1414,1415,False,2001
1415,1416,False,2011
1416,1417,False,1992
1417,1418,True,1993
1418,1419,True,1981
1419,1420,False,2009
1420,1421,False,2007
1421,1422,False,2015
1422,1423,True,2013
1423,1424,False,2011
1424,1425,False,1985
1425,1426,True,2006
1426,1427,True,2000
1427,1428,False,2012
1428,1429,True,2011
1429,1430,True,2010
1430,1431,True,2005
1431,1432,True,2009
1432,1433,False,2009
1433,1434,False,1989
1434,1435,False,2010
1435,1436,False,2014
1436,1437,False,2004
1437,1438,False,2010
1438,1439,True,1990
1439,1440,False,2003
1440,1441,True,1986
1441,1442,True,2016
1442,1443,False,2017
1443,1444,True,1985
1444,1445,True,2011
1445,1446,False,2014
1446,1447,False,1988
1447,1448,False,1970
1448,1449,True,2010
1449,1450,True,1992
1450,1451,True,2009
1451,1452,False,2007
1452,1453,True,1983
1453,1454,False,2015
1454,1455,True,2005
1455,1456,True,1991
1456,1457,False,1965
1457,1458,False,2014
1458,1459,False,2003
1459,1460,True,2010
1460,1461,True,2004
1461,1462,False,1995
1462,1463,True,2010
1463,1464,True,2005
1464,1465,False,2007
1465,1466,True,2004
1466,1467,True,2013
1467,1468,False,1990
1468,1469,True,1953
1469,1470,False,1982
1470,1471,True,2004
1471,1472,False,1969
1472,1473,True,1993
1473,1474,True,2014
1474,1475,True,1992
1475,1476,False,1992
1476,1477,True,2007
1477,1478,True,2010
1478,1479,True,2011
1479,1480,False,2013
1480,1481,False,1950
1481,1482,True,2008
1482,1483,True,2006
1483,1484,False,2015
1484,1485,False,2013
1485,1486,False,1998
1486,1487,False,1992
1487,1488,False,1980
1488,1489,False,2010
1489,1490,False,1988
1490,1491,False,2017
1491,1492,False,2015
1492,1493,True,2011
1493,1494,True,2003
1494,1495,False,2012
1495,1496,False,1997
1496,1497,True,2011
1497,1498,True,2009
1498,1499,True,2012
1499,1500,False,2010
1500,1501,True,2002
1501,1502,True,1989
1502,1503,True,2012
1503,1504,False,1987
1504,1505,False,2011
1505,1506,True,2016
1506,1507,False,2003
1507,1508,False,2001
1508,1509,False,1997
1509,1510,False,2015
1510,1511,False,1997
1511,1512,True,1995
1512,1513,True,2015
1513,1514,False,2000
1514,1515,True,2015
1515,1516,True,2007
1516,1517,True,2009
1517,1518,False,1984
1518,1519,False,1990
1519,1520,True,2016
1520,1521,True,1982
1521,1522,True,2013
1522,1523,False,2016
1523,1524,True,2006
1524,1525,True,2015
1525,1526,True,1971
1526,1527,True,2002
1527,1528,False,1994
1528,1529,True,2014
1529,1530,False,2001
1530,1531,True,1990
1531,1532,False,2011
1532,1533,True,2011
1533,1534,False,1988
1534,1535,True,2008
1535,1536,False,2003
1536,1537,True,2015
1537,1538,True,2010
1538,1539,True,2011
1539,1540,True,2011
1540,1541,False,2015
1541,1542,False,2014
1542,1543,False,1997
1543,1544,False,1991
1544,1545,True,2016
1545,1546,True,2009
1546,1547,True,2013
1547,1548,True,2003
1548,1549,False,2006
1549,1550,False,2016
1550,1551,True,2014
1551,1552,False,2013
1552,1553,True,1993
1553,1554,False,2011
1554,1555,False,1983
1555,1556,False,2006
1556,1557,True,1996
1557,1558,True,2005
1558,1559,False,2013
1559,1560,True,2010
1560,1561,True,1983
1561,1562,True,1988
1562,1563,False,2013
1563,1564,True,1999
1564,1565,True,2013
1565,1566,True,2015
1566,1567,False,2010
1567,1568,False,2007
1568,1569,False,1999
1569,1570,True,1988
1570,1571,True,1955
1571,1572,True,2008
1572,1573,False,2008
1573,1574,False,2006
1574,1575,False,2017
1575,1576,False,1990
1576,1577,True,2003
1577,1578,False,1975
1578,1579,True,2010
1579,1580,False,2009
1580,1581,True,1951
1581,1582,False,2003
1582,1583,False,1999
1583,1584,False,1986
1584,1585,True,2009
1585,1586,True,2005
1586,1587,True,2012
1587,1588,True,1991
1588,1589,True,2016
1589,1590,False,2017
1590,1591,False,2013
1591,1592,True,1990
1592,1593,False,1945
1593,1594,True,2005
1594,1595,True,2008
1595,1596,False,2013
1596,1597,False,1995
1597,1598,True,2001
1598,1599,True,2009
1599,1600,False,2005
1600,1601,True,2004
1601,1602,True,2014
1602,1603,False,1992
1603,1604,False,2009
1604,1605,False,1983
1605,1606,False,2014
1606,1607,True,2015
1607,1608,True,2017
1608,1609,True,1992
1609,1610,False,1998
1610,1611,False,2000
1611,1612,True,1998
1612,1613,True,1993
1613,1614,False,2003
1614,1615,True,1999
1615,1616,True,2009
1616,1617,False,1984
1617,1618,True,2004
1618,1619,False,1998
1619,1620,True,2000
1620,1621,True,1995
1621,1622,False,1943
1622,1623,False,2001
1623,1624,False,1955
1624,1625,True,1997
1625,1626,True,2008
1626,1627,False,2012
1627,1628,False,1983
1628,1629,True,1971
1629,1630,False,1999
1630,1631,True,2017
1631,1632,False,2008
1632,1633,False,2010
1633,1634,True,1999
1634,1635,True,1979
1635,1636,False,1993
1636,1637,False,2012
1637,1638,False,1999
1638,1639,True,2008
1639,1640,False,1989
1640,1641,False,2013
1641,1642,False,1986
1642,1643,True,1997
1643,1644,True,2015
1644,1645,False,2011
1645,1646,False,1996
1646,1647,True,1993
1647,1648,False,2011
1648,1649,False,1997
1649,1650,False,2005
1650,1651,False,1950
1651,1652,False,1996
1652,1653,False,1998
1653,1654,False,2004
1654,1655,False,2012
1655,1656,True,1977
1656,1657,False,2013
1657,1658,True,2014
1658,1659,False,2007
1659,1660,True,1982
1660,1661,True,1959
1661,1662,False,1981
1662,1663,False,1967
1663,1664,False,1985
1664,1665,True,2000
1665,1666,False,1989
1666,1667,True,1994
1667,1668,True,1949
1668,1669,False,1994
1669,1670,True,2012
1670,1671,False,2010
1671,1672,True,1996
1672,1673,True,2010
1673,1674,True,2008
1674,1675,False,2001
1675,1676,False,1989
1676,1677,False,2000
1677,1678,True,2015
1678,1679,True,2014
1679,1680,True,1999
1680,1681,False,1997
1681,1682,True,1995
1682,1683,True,2001
1683,1684,False,1985
1684,1685,False,2014
1685,1686,False,1997
1686,1687,True,1948
1687,1688,False,1993
1688,1689,True,2009
1689,1690,False,1972
1690,1691,False,2014
1691,1692,True,1996
1692,1693,False,1981
1693,1694,True,1996
1694,1695,False,2016
1695,1696,True,2017
1696,1697,True,1990
1697,1698,True,1992
1698,1699,True,2011
1699,1700,False,2007
1700,1701,True,1992
1701,1702,False,2013
1702,1703,False,1988
1703,1704,False,2010
1704,1705,True,2011
1705,1706,False,1985
1706,1707,False,1959
1707,1708,True,2003
1708,1709,True,2010
1709,1710,False,2005
1710,1711,False,1986
1711,1712,False,2014
1712,1713,False,2005
1713,1714,True,2003
1714,1715,True,1982
1715,1716,True,2017
1716,1717,False,2009
1717,1718,True,2014
1718,1719,False,2011
1719,1720,False,2012
1720,1721,True,1985
1721,1722,False,2001
1722,1723,True,2011
1723,1724,True,2015
1724,1725,False,1974
1725,1726,True,2003
1726,1727,False,1991
1727,1728,True,2009
1728,1729,False,2011
1729,1730,False,1998
1730,1731,True,2017
1731,1732,True,2000
1732,1733,False,2013
1733,1734,True,2010
1734,1735,True,1990
1735,1736,True,1993
1736,1737,True,2016
1737,1738,False,2004
1738,1739,False,1992
1739,1740,False,1997
1740,1741,False,1979
1741,1742,True,2001
1742,1743,True,1997
1743,1744,True,1993
1744,1745,False,2014
1745,1746,True,1984
1746,1747,False,2005
1747,1748,True,2011
1748,1749,False,2008
1749,1750,False,2015
1750,1751,True,1993
1751,1752,False,2004
1752,1753,True,1994
1753,1754,False,2010
1754,1755,False,1995
1755,1756,True,2007
1756,1757,False,2016
1757,1758,False,2006
1758,1759,False,1995
1759,1760,True,2012
1760,1761,True,1928
1761,1762,True,2015
1762,1763,True,1974
1763,1764,True,1921
1764,1765,False,1957
1765,1766,True,2009
1766,1767,False,2001
1767,1768,False,1990
1768,1769,False,2009
1769,1770,False,2006
1770,1771,False,1995
1771,1772,False,2010
1772,1773,True,1995
1773,1774,True,2016
1774,1775,False,2001
1775,1776,False,2013
1776,1777,False,1998
1777,1778,False,2002
1778,1779,False,2014
1779,1780,True,1993
1780,1781,False,2000
1781,1782,True,2010
1782,1783,False,2016
1783,1784,True,2017
1784,1785,False,1993
1785,1786,False,2008
1786,1787,False,1999
1787,1788,False,2006
1788,1789,True,1979
1789,1790,False,1963
1790,1791,False,1981
1791,1792,False,2013
1792,1793,False,1995
1793,1794,True,2000
1794,1795,False,2011
1795,1796,True,2015
1796,1797,True,2013
1797,1798,True,2015
1798,1799,True,1983
1799,1800,False,2009
1800,1801,False,1999
1801,1802,False,1998
1802,1803,False,2005
1803,1804,False,2007
1804,1805,True,1948
1805,1806,False,1990
1806,1807,False,2011
1807,1808,False,2008
1808,1809,False,2002
1809,1810,False,2006
1810,1811,False,2012
1811,1812,True,2003
1812,1813,False,1985
1813,1814,False,2008
1814,1815,False,1994
1815,1816,True,2000
1816,1817,False,2012
1817,1818,False,2003
1818,1819,True,2002
1819,1820,False,2002
1820,1821,False,2007
1821,1822,False,2002
1822,1823,False,1986
1823,1824,False,2007
1824,1825,True,1964
1825,1826,True,1990
1826,1827,False,1990
1827,1828,False,2005
1828,1829,False,2002
1829,1830,True,2007
1830,1831,True,1999
1831,1832,False,2011
1832,1833,False,1972
1833,1834,False,2015
1834,1835,True,1993
1835,1836,False,1988
1836,1837,False,2008
1837,1838,True,2005
1838,1839,True,2008
1839,1840,False,2006
1840,1841,True,2014
1841,1842,False,2009
1842,1843,False,1983
1843,1844,False,1999
1844,1845,False,2005
1845,1846,False,1989
1846,1847,False,2008
1847,1848,False,1995
1848,1849,True,1964
1849,1850,False,2009
1850,1851,False,2006
1851,1852,True,2000
1852,1853,False,2002
1853,1854,False,1987
1854,1855,False,2016
1855,1856,False,2007
1856,1857,True,2010
1857,1858,False,2000
1858,1859,True,2005
1859,1860,False,2012
1860,1861,False,1981
1861,1862,True,2014
1862,1863,True,2005
1863,1864,True,2006
1864,1865,True,2004
1865,1866,True,2016
1866,1867,True,2017
1867,1868,False,1990
1868,1869,True,2015
1869,1870,True,1970
1870,1871,True,1991
1871,1872,False,1989
1872,1873,False,1988
1873,1874,False,2013
1874,1875,False,2007
1875,1876,True,2003
1876,1877,True,2003
1877,1878,True,2014
1878,1879,False,2014
1879,1880,True,2013
1880,1881,True,2006
1881,1882,False,1990
1882,1883,True,1975
1883,1884,False,2013
1884,1885,False,2003
1885,1886,True,1997
1886,1887,True,2011
1887,1888,False,2015
1888,1889,False,1951
1889,1890,True,2008
1890,1891,False,2014
1891,1892,False,1987
1892,1893,True,2009
1893,1894,False,1972
1894,1895,False,1985
1895,1896,False,1958
1896,1897,False,2008
1897,1898,False,2005
1898,1899,True,1990
1899,1900,False,2005
1900,1901,True,2008
1901,1902,False,2001
1902,1903,True,2008
1903,1904,False,2010
1904,1905,False,1987
1905,1906,False,1991
1906,1907,False,2014
1907,1908,True,2010
1908,1909,True,1985
1909,1910,False,1997
1910,1911,True,2007
1911,1912,False,2011
1912,1913,False,2010
1913,1914,True,2004
1914,1915,True,2003
1915,1916,False,2012
1916,1917,True,1997
1917,1918,False,1925
1918,1919,True,2011
1919,1920,True,2006
1920,1921,False,2015
1921,1922,True,2014
1922,1923,False,1963
1923,1924,False,2005
1924,1925,True,2008
1925,1926,False,1992
1926,1927,True,1981
1927,1928,True,2010
1928,1929,True,2006
1929,1930,False,2013
1930,1931,True,1999
1931,1932,False,1995
1932,1933,False,2012
1933,1934,True,2007
1934,1935,True,2000
1935,1936,False,2014
1936,1937,False,1998
1937,1938,False,1991
1938,1939,False,2008
1939,1940,True,1984
1940,1941,True,1995
1941,1942,False,2015
1942,1943,False,2006
1943,1944,False,2004
1944,1945,True,1981
1945,1946,False,2005
1946,1947,False,2013
1947,1948,False,2009
1948,1949,False,2006
1949,1950,False,2016
1950,1951,True,2008
1951,1952,True,2001
1952,1953,False,2012
1953,1954,True,1980
1954,1955,True,1994
1955,1956,True,1992
1956,1957,True,1943
1957,1958,True,1990
1958,1959,False,1995
1959,1960,False,2012
1960,1961,False,1999
1961,1962,False,2010
1962,1963,False,2006
1963,1964,False,1988
1964,1965,False,2002
1965,1966,False,1985
1966,1967,False,2013
1967,1968,False,1984
1968,1969,False,2012
1969,1970,False,2013
1970,1971,True,2014
1971,1972,True,1984
1972,1973,True,2013
1973,1974,True,1983
1974,1975,False,1979
1975,1976,False,2011
1976,1977,True,2016
1977,1978,False,2009
1978,1979,True,2000
1979,1980,True,2008
1980,1981,False,2011
1981,1982,False,1993
1982,1983,True,1980
1983,1984,False,1994
1984,1985,False,2008
1985,1986,False,2015
1986,1987,True,2010
1987,1988,False,2003
1988,1989,False,1988
1989,1990,True,2005
1990,1991,True,1988
1991,1992,False,1997
1992,1993,False,2011
1993,1994,True,2014
1994,1995,True,1996
1995,1996,True,2015
1996,1997,True,2016
1997,1998,True,1997
1998,1999,True,2003
1999,2000,True,1998
2000,2001,False,1978
2001,2002,False,1991
2002,2003,True,2001
2003,2004,True,1998
2004,2005,True,2007
2005,2006,False,2002
2006,2007,True,1995
2007,2008,True,1933
2008,2009,False,2007
2009,2010,False,2002
2010,2011,False,1989
2011,2012,True,1989
2012,2013,True,2001
2013,2014,False,1998
2014,2015,True,2013
2015,2016,False,2010
2016,2017,True,1994
2017,2018,False,2012
2018,2019,True,2014
2019,2020,True,2007
2020,2021,True,2007
2021,2022,False,2016
2022,2023,False,2012
2023,2024,False,2003
2024,2025,True,2009
2025,2026,False,2015
2026,2027,True,1985
2027,2028,False,2007
2028,2029,True,1980
2029,2030,True,1990
2030,2031,True,1975
2031,2032,False,1938
2032,2033,True,1932
2033,2034,True,2006
2034,2035,False,1996
2035,2036,True,2005
2036,2037,True,1995
2037,2038,False,2012
2038,2039,True,1987
2039,2040,False,2002
2040,2041,False,2007
2041,2042,True,2016
2042,2043,True,2010
2043,2044,False,2009
2044,2045,True,2011
2045,2046,True,2002
2046,2047,False,1944
2047,2048,True,2011
2048,2049,True,1982
2049,2050,False,1997
2050,2051,False,1979
2051,2052,False,1990
2052,2053,True,2015
2053,2054,False,1998
2054,2055,True,1942
2055,2056,True,2007
2056,2057,False,2005
2057,2058,False,1999
2058,2059,True,2013
2059,2060,False,2013
2060,2061,True,2008
2061,2062,False,2000
2062,2063,True,2004
2063,2064,True,2011
2064,2065,False,2014
2065,2066,False,2014
2066,2067,False,2000
2067,2068,False,2009
2068,2069,True,1984
2069,2070,True,2005
2070,2071,False,1963
2071,2072,True,1989
2072,2073,True,2014
2073,2074,False,2006
2074,2075,False,2007
2075,2076,True,2013
2076,2077,False,2009
2077,2078,False,1991
2078,2079,True,1987
2079,2080,True,2016
2080,2081,True,2003
2081,2082,True,1989
2082,2083,False,2002
2083,2084,False,2008
2084,2085,True,1986
2085,2086,False,1980
2086,2087,False,2005
2087,2088,True,2013
2088,2089,True,1948
2089,2090,True,2001
2090,2091,False,1993
2091,2092,False,2012
2092,2093,False,1993
2093,2094,True,2007
2094,2095,False,2011
2095,2096,False,2009
2096,2097,False,1996
2097,2098,True,2003
2098,2099,False,1964
2099,2100,True,1980
2100,2101,False,2013
2101,2102,True,2011
2102,2103,False,2016
2103,2104,False,1994
2104,2105,False,1999
2105,2106,True,2006
2106,2107,True,1939
2107,2108,False,2007
2108,2109,True,2005
2109,2110,False,1985
2110,2111,False,2010
2111,2112,True,1999
2112,2113,False,1993
2113,2114,True,1976
2114,2115,True,2012
2115,2116,True,1996
2116,2117,True,1996
2117,2118,False,2001
2118,2119,False,2002
2119,2120,False,1990
2120,2121,True,1960
2121,2122,True,2013
2122,2123,False,2014
2123,2124,True,2005
2124,2125,False,2016
2125,2126,True,1997
2126,2127,True,2017
2127,2128,True,2001
2128,2129,True,1988
2129,2130,False,2013
2130,2131,True,2013
2131,2132,True,2002
2132,2133,True,2007
2133,2134,True,2010
2134,2135,True,2004
2135,2136,True,2011
2136,2137,True,1989
2137,2138,False,2009
2138,2139,True,1972
2139,2140,False,2013
2140,2141,False,2006
2141,2142,True,2015
2142,2143,False,1960
2143,2144,False,2013
2144,2145,True,1996
2145,2146,False,1988
2146,2147,True,2012
2147,2148,True,1968
2148,2149,False,2008
2149,2150,True,2006
2150,2151,False,2006
2151,2152,True,1994
2152,2153,True,2007
2153,2154,True,1979
2154,2155,False,2008
2155,2156,False,1995
2156,2157,False,2003
2157,2158,True,1986
2158,2159,True,2004
2159,2160,True,2002
2160,2161,False,2015
2161,2162,True,1984
2162,2163,False,1995
2163,2164,True,1994
2164,2165,True,2015
2165,2166,False,2014
2166,2167,True,1996
2167,2168,True,2013
2168,2169,False,2015
2169,2170,True,1953
2170,2171,True,2015
2171,2172,True,2007
2172,2173,True,1986
2173,2174,False,2013
2174,2175,True,1996
2175,2176,True,1987
2176,2177,False,2002
2177,2178,True,2002
2178,2179,False,2003
2179,2180,False,2001
2180,2181,True,2003
2181,2182,True,1986
2182,2183,True,2002
2183,2184,False,1992
2184,2185,False,2013
2185,2186,True,1992
2186,2187,True,2004
2187,2188,True,1999
2188,2189,False,1998
2189,2190,False,1954
2190,2191,False,1939
2191,2192,True,2010
2192,2193,False,2015
2193,2194,True,2004
2194,2195,True,2016
2195,2196,True,1988
2196,2197,False,2002
2197,2198,True,1964
2198,2199,False,2014
2199,2200,False,2006
2200,2201,True,1992
2201,2202,False,2013
2202,2203,True,2016
2203,2204,False,2009
2204,2205,True,2009
2205,2206,False,2004
2206,2207,False,1998
2207,2208,True,1990
2208,2209,False,1990
2209,2210,True,2007
2210,2211,False,2006
2211,2212,True,1970
2212,2213,True,2012
2213,2214,True,1999
2214,2215,False,2006
2215,2216,True,2010
2216,2217,False,2015
2217,2218,False,2014
2218,2219,True,2006
2219,2220,True,2009
2220,2221,False,2010
2221,2222,False,2008
2222,2223,False,1978
2223,2224,True,1999
2224,2225,True,1955
2225,2226,False,1947
2226,2227,False,2016
2227,2228,True,2009
2228,2229,True,2002
2229,2230,False,1986
2230,2231,False,1945
2231,2232,False,2008
2232,2233,True,1995
2233,2234,True,2010
2234,2235,True,2010
2235,2236,False,1984
2236,2237,False,2010
2237,2238,False,1993
2238,2239,False,1990
2239,2240,True,2013
2240,2241,False,2010
2241,2242,True,1967
2242,2243,True,2012
2243,2244,False,1989
2244,2245,False,2005
2245,2246,False,2004
2246,2247,False,2016
2247,2248,False,2010
2248,2249,True,2002
2249,2250,False,2007
2250,2251,False,2015
2251,2252,False,2011
2252,2253,False,2005
2253,2254,True,2007
2254,2255,False,2008
2255,2256,False,1999
2256,2257,True,1991
2257,2258,True,2005
2258,2259,True,1995
2259,2260,False,2008
2260,2261,True,2009
2261,2262,False,1989
2262,2263,True,2013
2263,2264,False,2013
2264,2265,False,1988
2265,2266,False,1995
2266,2267,True,2000
2267,2268,False,2009
2268,2269,False,2007
2269,2270,False,2001
2270,2271,True,1973
2271,2272,True,2004
2272,2273,True,2009
2273,2274,False,1992
2274,2275,True,2016
2275,2276,True,2007
2276,2277,True,2014
2277,2278,True,2016
2278,2279,True,2002
2279,2280,False,2007
2280,2281,False,2011
2281,2282,False,1998
2282,2283,False,1985
2283,2284,False,2012
2284,2285,True,2006
2285,2286,True,2007
2286,2287,True,2011
2287,2288,True,2015
2288,2289,False,2016
2289,2290,True,1994
2290,2291,False,2003
2291,2292,True,1997
2292,2293,False,2009
2293,2294,False,2017
2294,2295,False,1989
2295,2296,False,2008
2296,2297,True,2013
2297,2298,True,2008
2298,2299,False,2008
2299,2300,True,1998
2300,2301,True,2006
2301,2302,False,2006
2302,2303,False,1996
2303,2304,False,1973
2304,2305,True,1991
2305,2306,True,2015
2306,2307,False,2009
2307,2308,False,1983
2308,2309,True,1991
2309,2310,True,1971
2310,2311,False,2016
2311,2312,True,2008
2312,2313,False,2003
2313,2314,False,2011
2314,2315,True,2013
2315,2316,False,2014
2316,2317,False,1988
2317,2318,True,1991
2318,2319,False,1969
2319,2320,False,2013
2320,2321,False,2006
2321,2322,False,1953
2322,2323,True,2011
2323,2324,True,1930
2324,2325,True,2011
2325,2326,True,2003
2326,2327,True,2016
2327,2328,True,1988
2328,2329,False,2012
2329,2330,False,2010
2330,2331,False,2013
2331,2332,True,2011
2332,2333,False,2014
2333,2334,True,1967
2334,2335,False,2008
2335,2336,True,1958
2336,2337,True,1980
2337,2338,False,1986
2338,2339,True,1999
2339,2340,False,1960
2340,2341,False,1996
2341,2342,False,1998
2342,2343,False,2008
2343,2344,True,1985
2344,2345,True,2006
2345,2346,False,2006
2346,2347,False,1962
2347,2348,True,2016
2348,2349,True,1987
2349,2350,True,1973
2350,2351,False,2006
2351,2352,True,1984
2352,2353,True,1974
2353,2354,True,2008
2354,2355,False,2004
2355,2356,True,1998
2356,2357,False,1991
2357,2358,True,2013
2358,2359,False,1999
2359,2360,False,1986
2360,2361,False,2016
2361,2362,False,2001
2362,2363,False,2013
2363,2364,False,1996
2364,2365,False,2014
2365,2366,False,2014
2366,2367,False,2015
2367,2368,True,1990
2368,2369,True,2013
2369,2370,True,2006
2370,2371,True,2012
2371,2372,False,1978
2372,2373,False,2009
2373,2374,False,2013
2374,2375,False,2010
2375,2376,False,2007
2376,2377,False,2008
2377,2378,True,2007
2378,2379,True,1996
2379,2380,True,2006
2380,2381,False,2002
2381,2382,False,2015
2382,2383,False,2010
2383,2384,False,1970
2384,2385,False,2001
2385,2386,True,1987
2386,2387,False,1974
2387,2388,True,2009
2388,2389,True,2009
2389,2390,True,1997
2390,2391,False,2010
2391,2392,True,1965
2392,2393,True,2002
2393,2394,False,1991
2394,2395,True,2001
2395,2396,True,2015
2396,2397,True,2010
2397,2398,True,1996
2398,2399,False,2013
2399,2400,False,2011
2400,2401,False,2000
2401,2402,True,1994
2402,2403,False,2004
2403,2404,False,1990
2404,2405,True,2010
2405,2406,False,2012
2406,2407,True,2016
2407,2408,False,1993
2408,2409,False,1991
2409,2410,True,2000
2410,2411,True,2009
2411,2412,True,1994
2412,2413,False,2012
2413,2414,True,1985
2414,2415,False,1979
2415,2416,False,1993
2416,2417,True,2015
2417,2418,True,1971
2418,2419,True,1995
2419,2420,False,1996
2420,2421,True,2009
2421,2422,True,2003
2422,2423,False,1983
2423,2424,False,1999
2424,2425,True,1999
2425,2426,True,1987
2426,2427,False,1983
2427,2428,False,2002
2428,2429,False,1996
2429,2430,True,2002
2430,2431,False,1963
2431,2432,True,2016
2432,2433,True,2006
2433,2434,False,1996
2434,2435,False,2015
2435,2436,False,1993
2436,2437,False,2016
2437,2438,False,2000
2438,2439,True,1986
2439,2440,False,2002
2440,2441,True,2006
2441,2442,True,1984
2442,2443,True,2009
2443,2444,True,2010
2444,2445,False,1983
2445,2446,True,1988
2446,2447,True,1956
2447,2448,True,2007
2448,2449,True,2001
2449,2450,False,2000
2450,2451,True,1951
2451,2452,False,2013
2452,2453,False,2011
2453,2454,False,2004
2454,2455,False,2013
2455,2456,True,2012
2456,2457,False,2005
2457,2458,False,2013
2458,2459,True,2016
2459,2460,True,2013
2460,2461,False,2005
2461,2462,False,2000
2462,2463,False,2016
2463,2464,False,2015
2464,2465,False,1990
2465,2466,False,2011
2466,2467,True,2015
2467,2468,False,1986
2468,2469,True,1996
2469,2470,True,2002
2470,2471,False,1979
2471,2472,False,2001
2472,2473,True,2015
2473,2474,False,2002
2474,2475,False,2013
2475,2476,True,2014
2476,2477,True,1995
2477,2478,True,1989
2478,2479,False,2009
2479,2480,False,1998
2480,2481,False,2012
2481,2482,False,2010
2482,2483,True,2005
2483,2484,False,2014
2484,2485,False,1992
2485,2486,True,2014
2486,2487,True,2008
2487,2488,False,1945
2488,2489,True,2009
2489,2490,False,2017
2490,2491,False,1995
2491,2492,False,2010
2492,2493,False,2013
2493,2494,False,2003
2494,2495,False,2011
2495,2496,True,1987
2496,2497,True,2002
2497,2498,True,1997
2498,2499,False,2010
2499,2500,True,1994
2500,2501,True,2010
2501,2502,True,2012
2502,2503,True,1995
2503,2504,True,1985
2504,2505,False,1989
2505,2506,False,2010
2506,2507,False,2011
2507,2508,False,2005
2508,2509,False,2011
2509,2510,True,2010
2510,2511,False,2013
2511,2512,True,1992
2512,2513,True,1998
2513,2514,False,1981
2514,2515,True,2014
2515,2516,True,2014
2516,2517,True,2017
2517,2518,True,2008
2518,2519,True,2008
2519,2520,False,1973
2520,2521,True,1976
2521,2522,True,1989
2522,2523,False,1987
2523,2524,True,1983
2524,2525,False,1991
2525,2526,True,2002
2526,2527,True,1983
2527,2528,False,2014
2528,2529,False,1972
2529,2530,False,1970
2530,2531,True,2007
2531,2532,False,1994
2532,2533,True,2012
2533,2534,False,2005
2534,2535,True,2001
2535,2536,True,2009
2536,2537,True,1975
2537,2538,False,2016
2538,2539,False,2000
2539,2540,True,2008
2540,2541,False,2012
2541,2542,True,2012
2542,2543,True,2010
2543,2544,False,1988
2544,2545,False,2003
2545,2546,True,2016
2546,2547,False,1984
2547,2548,True,2007
2548,2549,True,1973
2549,2550,True,2004
2550,2551,False,2014
2551,2552,True,2001
2552,2553,False,1996
2553,2554,False,1992
2554,2555,False,1947
2555,2556,False,2002
2556,2557,False,1988
2557,2558,False,1996
2558,2559,True,2009
2559,2560,True,2006
2560,2561,False,1989
2561,2562,False,2002
2562,2563,True,2016
2563,2564,False,2006
2564,2565,True,2007
2565,2566,False,1998
2566,2567,False,2008
2567,2568,False,2015
2568,2569,True,1982
2569,2570,True,1988
2570,2571,True,2004
2571,2572,False,2014
2572,2573,True,2015
2573,2574,False,1998
2574,2575,True,1971
2575,2576,False,2011
2576,2577,False,2010
2577,2578,False,1928
2578,2579,False,1948
2579,2580,False,2005
2580,2581,False,2015
2581,2582,False,2014
2582,2583,False,2003
2583,2584,True,2004
2584,2585,True,1974
2585,2586,False,2011
2586,2587,False,1964
2587,2588,False,2006
2588,2589,False,1998
2589,2590,False,2005
2590,2591,False,2015
2591,2592,False,1999
2592,2593,False,2015
2593,2594,False,1993
2594,2595,False,2013
2595,2596,False,2002
2596,2597,False,1982
2597,2598,False,1998
2598,2599,False,1982
2599,2600,True,1998
2600,2601,True,2014
2601,2602,False,1995
2602,2603,False,2010
2603,2604,True,1997
2604,2605,True,2011
2605,2606,False,1991
2606,2607,False,1999
2607,2608,False,2006
2608,2609,False,2000
2609,2610,True,2005
2610,2611,True,2015
2611,2612,True,1989
2612,2613,True,2011
2613,2614,False,1999
2614,2615,True,2001
2615,2616,False,1983
2616,2617,False,1987
2617,2618,True,2004
2618,2619,True,2010
2619,2620,False,2016
2620,2621,False,1997
2621,2622,True,1984
2622,2623,False,2001
2623,2624,True,2017
2624,2625,True,2017
2625,2626,False,2015
2626,2627,True,2005
2627,2628,False,2015
2628,2629,False,2007
2629,2630,False,1996
2630,2631,True,2015
2631,2632,True,2012
2632,2633,True,2000
2633,2634,False,2002
2634,2635,False,1984
2635,2636,False,1990
2636,2637,True,2010
2637,2638,False,1998
2638,2639,True,2014
2639,2640,False,2011
2640,2641,False,2014
2641,2642,False,1991
2642,2643,True,2010
2643,2644,True,2008
2644,2645,True,1997
2645,2646,False,2014
2646,2647,False,2006
2647,2648,True,2011
2648,2649,False,2012
2649,2650,True,1968
2650,2651,True,2008
2651,2652,True,1959
2652,2653,True,1940
2653,2654,False,1987
2654,2655,False,2000
2655,2656,False,1998
2656,2657,True,2012
2657,2658,False,1999
2658,2659,False,1986
2659,2660,False,1985
2660,2661,True,1978
2661,2662,False,2014
2662,2663,False,1996
2663,2664,True,2015
2664,2665,False,2000
2665,2666,False,1986
2666,2667,True,2011
2667,2668,False,2000
2668,2669,False,2016
2669,2670,True,1995
2670,2671,False,2010
2671,2672,False,1985
2672,2673,False,2005
2673,2674,False,1986
2674,2675,True,2014
2675,2676,True,1992
2676,2677,True,2007
2677,2678,True,1960
2678,2679,False,1998
2679,2680,True,2011
2680,2681,True,1926
2681,2682,True,1994
2682,2683,False,1961
2683,2684,True,1989
2684,2685,True,1981
2685,2686,False,1992
2686,2687,False,2006
2687,2688,True,1985
2688,2689,True,2014
2689,2690,True,1998
2690,2691,False,2010
2691,2692,True,2000
2692,2693,True,1993
2693,2694,True,2008
2694,2695,True,1979
2695,2696,False,2013
2696,2697,True,1985
2697,2698,True,1980
2698,2699,True,2016
2699,2700,True,1989
2700,2701,True,2009
2701,2702,False,1981
2702,2703,False,2006
2703,2704,False,1999
2704,2705,False,1989
2705,2706,False,2007
2706,2707,True,2007
2707,2708,False,2001
2708,2709,False,1995
2709,2710,True,2002
2710,2711,True,2011
2711,2712,False,2013
2712,2713,True,1999
2713,2714,True,1982
2714,2715,False,1981
2715,2716,True,2002
2716,2717,False,1994
2717,2718,True,1987
2718,2719,True,2015
2719,2720,False,2016
2720,2721,False,1989
2721,2722,False,1994
2722,2723,False,2004
2723,2724,True,1997
2724,2725,False,2009
2725,2726,True,2002
2726,2727,True,2005
2727,2728,True,2011
2728,2729,False,1982
2729,2730,True,2017
2730,2731,True,1993
2731,2732,False,2000
2732,2733,False,1991
2733,2734,False,1996
2734,2735,True,2011
2735,2736,False,1991
2736,2737,True,2015
2737,2738,True,2015
2738,2739,True,2001
2739,2740,True,2004
2740,2741,False,2016
2741,2742,False,2007
2742,2743,True,2004
2743,2744,True,2003
2744,2745,False,2009
2745,2746,False,2001
2746,2747,True,1996
2747,2748,True,1986
2748,2749,True,1988
2749,2750,True,2017
2750,2751,False,2003
2751,2752,False,2015
2752,2753,False,1987
2753,2754,False,1998
2754,2755,False,2015
2755,2756,False,1994
2756,2757,True,2002
2757,2758,False,2012
2758,2759,True,1948
2759,2760,False,1995
2760,2761,False,2009
2761,2762,False,2009
2762,2763,False,1996
2763,2764,True,2001
2764,2765,False,2014
2765,2766,True,1988
2766,2767,True,2000
2767,2768,True,2010
2768,2769,False,2012
2769,2770,True,2009
2770,2771,True,2015
2771,2772,True,1986
2772,2773,True,2015
2773,2774,True,1998
2774,2775,False,1995
2775,2776,False,2011
2776,2777,True,1995
2777,2778,True,1996
2778,2779,False,2005
2779,2780,True,2004
2780,2781,True,1995
2781,2782,False,1998
2782,2783,False,1998
2783,2784,False,2002
2784,2785,True,1981
2785,2786,False,2001
2786,2787,True,2011
2787,2788,True,2010
2788,2789,False,1984
2789,2790,False,2014
2790,2791,False,2007
2791,2792,False,2006
2792,2793,True,2002
2793,2794,True,2015
2794,2795,True,2015
2795,2796,True,2003
2796,2797,False,2010
2797,2798,False,1961
2798,2799,True,2007
2799,2800,True,2010
2800,2801,False,2007
2801,2802,False,1991
2802,2803,True,2002
2803,2804,False,2002
2804,2805,False,1992
2805,2806,False,1991
2806,2807,True,2005
2807,2808,False,2006
2808,2809,True,1986
2809,2810,True,1994
2810,2811,False,2015
2811,2812,False,2008
2812,2813,False,2014
2813,2814,True,2015
2814,2815,False,1988
2815,2816,True,2013
2816,2817,False,2002
2817,2818,False,2008
2818,2819,True,1993
2819,2820,False,2006
2820,2821,False,2002
2821,2822,False,1981
2822,2823,False,2007
2823,2824,False,2010
2824,2825,True,1994
2825,2826,True,1984
2826,2827,True,1995
2827,2828,False,1998
2828,2829,False,2015
2829,2830,True,2008
2830,2831,False,1996
2831,2832,True,1984
2832,2833,True,2006
2833,2834,True,1988
2834,2835,True,2003
2835,2836,True,2010
2836,2837,False,2010
2837,2838,True,2014
2838,2839,True,2017
2839,2840,True,1998
2840,2841,False,2014
2841,2842,True,1990
2842,2843,True,2005
2843,2844,True,2013
2844,2845,False,2004
2845,2846,True,2010
2846,2847,True,2005
2847,2848,True,2014
2848,2849,False,2014
2849,2850,False,2008
2850,2851,True,2014
2851,2852,True,1985
2852,2853,True,2012
2853,2854,False,1983
2854,2855,False,1994
2855,2856,True,1998
2856,2857,True,2013
2857,2858,False,2013
2858,2859,True,2006
2859,2860,False,2011
2860,2861,False,1982
2861,2862,False,1996
2862,2863,False,2010
2863,2864,False,1999
2864,2865,False,1972
2865,2866,False,2012
2866,2867,True,2007
2867,2868,False,2010
2868,2869,True,2006
2869,2870,False,2014
2870,2871,True,2003
2871,2872,True,2002
2872,2873,False,2007
2873,2874,True,2013
2874,2875,False,2010
2875,2876,True,2009
2876,2877,False,1996
2877,2878,True,1984
2878,2879,True,1970
2879,2880,False,1945
2880,2881,True,2013
2881,2882,True,2015
2882,2883,False,1980
2883,2884,True,2008
2884,2885,False,1985
2885,2886,True,2015
2886,2887,False,2006
2887,2888,False,2001
2888,2889,True,1954
2889,2890,True,1979
2890,2891,True,2017
2891,2892,True,2011
2892,2893,False,1986
2893,2894,True,1978
2894,2895,True,1995
2895,2896,False,2001
2896,2897,False,2014
2897,2898,False,2001
2898,2899,True,1992
2899,2900,True,2000
2900,2901,False,2012
2901,2902,True,1991
2902,2903,True,2013
2903,2904,True,2007
2904,2905,True,1996
2905,2906,False,1997
2906,2907,True,1993
2907,2908,True,1986
2908,2909,True,1994
2909,2910,False,2016
2910,2911,False,1939
2911,2912,True,2004
2912,2913,True,1994
2913,2914,True,2002
2914,2915,False,2016
2915,2916,True,2001
2916,2917,True,2009
2917,2918,True,1988
2918,2919,False,1987
2919,2920,True,2016
2920,2921,False,2000
2921,2922,False,1987
2922,2923,True,2004
2923,2924,False,1986
2924,2925,True,2016
2925,2926,True,2012
2926,2927,True,2007
2927,2928,True,2002
2928,2929,False,1989
2929,2930,True,2004
2930,2931,False,1987
2931,2932,True,2000
2932,2933,True,1966
2933,2934,False,1999
2934,2935,True,2012
2935,2936,True,2004
2936,2937,False,2004
2937,2938,False,2016
2938,2939,True,2012
2939,2940,True,2010
2940,2941,False,1977
2941,2942,False,2002
2942,2943,False,2012
2943,2944,True,1996
2944,2945,True,1979
2945,2946,False,1963
2946,2947,False,1927
2947,2948,False,1982
2948,2949,True,2016
2949,2950,False,1999
2950,2951,False,2003
2951,2952,True,2015
2952,2953,True,2015
2953,2954,True,2000
2954,2955,True,2004
2955,2956,True,2009
2956,2957,True,1986
2957,2958,False,1995
2958,2959,False,2007
2959,2960,True,2007
2960,2961,False,2010
2961,2962,True,1981
2962,2963,True,2017
2963,2964,False,2007
2964,2965,False,1988
2965,2966,True,2012
2966,2967,True,1997
2967,2968,True,1961
2968,2969,True,2005
2969,2970,False,2001
2970,2971,True,1992
2971,2972,False,1990
2972,2973,False,2006
2973,2974,True,1985
2974,2975,True,2005
2975,2976,True,2009
2976,2977,False,2000
2977,2978,False,2001
2978,2979,False,1998
2979,2980,True,2010
2980,2981,False,2016
2981,2982,False,2016
2982,2983,False,2012
2983,2984,False,1997
2984,2985,True,2003
2985,2986,False,2006
2986,2987,False,2004
2987,2988,True,1989
2988,2989,False,2002
2989,2990,False,2001
2990,2991,True,1997
2991,2992,False,2001
2992,2993,True,1924
2993,2994,True,2004
2994,2995,False,1992
2995,2996,True,1994
2996,2997,True,2013
2997,2998,True,1996
2998,2999,True,2004
2999,3000,True,2011
